id,filename,motif,prompt,alt
1,images/new-city/ep-01/1.webp,station,"Painterly atmospheric illustration, cinematic nocturne: a cold, unfamiliar city at night lit by a single warm sodium-amber source against deep navy-and-teal blues; limited muted palette, soft volumetric fog, gentle film grain and visible painterly brushwork; faceless viewpoint — show the world from behind or over the shoulder, or only hands and objects, never a clear face or eye contact; culturally neutral modern European-ish port city, no readable text or signage, no flags or landmarks; quiet, uncertain, atmospheric but not frightening. Scene: an almost-empty night railway platform under cold light; a lone traveller with a small case and a letter, seen from behind. 3:2 landscape, subject held in the central 90%, cinematic lighting. Negative prompt: no text, no lettering, no watermark, no logos, no visible faces or eye contact, no bright saturated colours, no daytime blue sky, no cartoon style.","An almost-empty night railway platform under cold light; a lone traveller with a small case and a letter, seen from behind."
2,images/new-city/ep-01/2.webp,map,"Painterly atmospheric illustration, cinematic nocturne: a cold, unfamiliar city at night lit by a single warm sodium-amber source against deep navy-and-teal blues; limited muted palette, soft volumetric fog, gentle film grain and visible painterly brushwork; faceless viewpoint — show the world from behind or over the shoulder, or only hands and objects, never a clear face or eye contact; culturally neutral modern European-ish port city, no readable text or signage, no flags or landmarks; quiet, uncertain, atmospheric but not frightening. Scene: a tired night clerk at a lit information window sliding across a small hand-drawn map; an unread letter on the counter. 3:2 landscape, subject held in the central 90%, cinematic lighting. Negative prompt: no text, no lettering, no watermark, no logos, no visible faces or eye contact, no bright saturated colours, no daytime blue sky, no cartoon style.",A tired night clerk at a lit information window sliding across a small hand-drawn map; an unread letter on the counter.
3,images/new-city/ep-01/3.webp,taxi,"Painterly atmospheric illustration, cinematic nocturne: a cold, unfamiliar city at night lit by a single warm sodium-amber source against deep navy-and-teal blues; limited muted palette, soft volumetric fog, gentle film grain and visible painterly brushwork; faceless viewpoint — show the world from behind or over the shoulder, or only hands and objects, never a clear face or eye contact; culturally neutral modern European-ish port city, no readable text or signage, no flags or landmarks; quiet, uncertain, atmospheric but not frightening. Scene: a wet station forecourt at night, three idling taxis and a bus-stop sign, cold river air, breath visible. 3:2 landscape, subject held in the central 90%, cinematic lighting. Negative prompt: no text, no lettering, no watermark, no logos, no visible faces or eye contact, no bright saturated colours, no daytime blue sky, no cartoon style.","A wet station forecourt at night, three idling taxis and a bus-stop sign, cold river air, breath visible."
4,images/new-city/ep-01/4.webp,bus,"Painterly atmospheric illustration, cinematic nocturne: a cold, unfamiliar city at night lit by a single warm sodium-amber source against deep navy-and-teal blues; limited muted palette, soft volumetric fog, gentle film grain and visible painterly brushwork; faceless viewpoint — show the world from behind or over the shoulder, or only hands and objects, never a clear face or eye contact; culturally neutral modern European-ish port city, no readable text or signage, no flags or landmarks; quiet, uncertain, atmospheric but not frightening. Scene: the warm, near-empty interior of a night bus; a letter reread on an empty seat, dark wet streets sliding past the window. 3:2 landscape, subject held in the central 90%, cinematic lighting. Negative prompt: no text, no lettering, no watermark, no logos, no visible faces or eye contact, no bright saturated colours, no daytime blue sky, no cartoon style.","The warm, near-empty interior of a night bus; a letter reread on an empty seat, dark wet streets sliding past the window."
5,images/new-city/ep-01/5.webp,kiosk,"Painterly atmospheric illustration, cinematic nocturne: a cold, unfamiliar city at night lit by a single warm sodium-amber source against deep navy-and-teal blues; limited muted palette, soft volumetric fog, gentle film grain and visible painterly brushwork; faceless viewpoint — show the world from behind or over the shoulder, or only hands and objects, never a clear face or eye contact; culturally neutral modern European-ish port city, no readable text or signage, no flags or landmarks; quiet, uncertain, atmospheric but not frightening. Scene: a woman pulling down the shutter of a corner kiosk on an empty night street — the only person around. 3:2 landscape, subject held in the central 90%, cinematic lighting. Negative prompt: no text, no lettering, no watermark, no logos, no visible faces or eye contact, no bright saturated colours, no daytime blue sky, no cartoon style.",A woman pulling down the shutter of a corner kiosk on an empty night street — the only person around.
6,images/new-city/ep-01/6.webp,taxi,"Painterly atmospheric illustration, cinematic nocturne: a cold, unfamiliar city at night lit by a single warm sodium-amber source against deep navy-and-teal blues; limited muted palette, soft volumetric fog, gentle film grain and visible painterly brushwork; faceless viewpoint — show the world from behind or over the shoulder, or only hands and objects, never a clear face or eye contact; culturally neutral modern European-ish port city, no readable text or signage, no flags or landmarks; quiet, uncertain, atmospheric but not frightening. Scene: the view from a taxi's back seat, the driver laughing over his shoulder, an empty night avenue ahead. 3:2 landscape, subject held in the central 90%, cinematic lighting. Negative prompt: no text, no lettering, no watermark, no logos, no visible faces or eye contact, no bright saturated colours, no daytime blue sky, no cartoon style.","The view from a taxi's back seat, the driver laughing over his shoulder, an empty night avenue ahead."
7,images/new-city/ep-01/7.webp,building,"Painterly atmospheric illustration, cinematic nocturne: a cold, unfamiliar city at night lit by a single warm sodium-amber source against deep navy-and-teal blues; limited muted palette, soft volumetric fog, gentle film grain and visible painterly brushwork; faceless viewpoint — show the world from behind or over the shoulder, or only hands and objects, never a clear face or eye contact; culturally neutral modern European-ish port city, no readable text or signage, no flags or landmarks; quiet, uncertain, atmospheric but not frightening. Scene: a grey, dusty, abandoned office building behind builders' hoarding at night; a dark doorway and an old dead sign. 3:2 landscape, subject held in the central 90%, cinematic lighting. Negative prompt: no text, no lettering, no watermark, no logos, no visible faces or eye contact, no bright saturated colours, no daytime blue sky, no cartoon style.","A grey, dusty, abandoned office building behind builders' hoarding at night; a dark doorway and an old dead sign."
8,images/new-city/ep-01/8.webp,bus,"Painterly atmospheric illustration, cinematic nocturne: a cold, unfamiliar city at night lit by a single warm sodium-amber source against deep navy-and-teal blues; limited muted palette, soft volumetric fog, gentle film grain and visible painterly brushwork; faceless viewpoint — show the world from behind or over the shoulder, or only hands and objects, never a clear face or eye contact; culturally neutral modern European-ish port city, no readable text or signage, no flags or landmarks; quiet, uncertain, atmospheric but not frightening. Scene: a night bus halted at its last stop, the driver glancing back; an empty depot, one in the morning, no more buses. 3:2 landscape, subject held in the central 90%, cinematic lighting. Negative prompt: no text, no lettering, no watermark, no logos, no visible faces or eye contact, no bright saturated colours, no daytime blue sky, no cartoon style.","A night bus halted at its last stop, the driver glancing back; an empty depot, one in the morning, no more buses."
9,images/new-city/ep-01/9.webp,kiosk,"Painterly atmospheric illustration, cinematic nocturne: a cold, unfamiliar city at night lit by a single warm sodium-amber source against deep navy-and-teal blues; limited muted palette, soft volumetric fog, gentle film grain and visible painterly brushwork; faceless viewpoint — show the world from behind or over the shoulder, or only hands and objects, never a clear face or eye contact; culturally neutral modern European-ish port city, no readable text or signage, no flags or landmarks; quiet, uncertain, atmospheric but not frightening. Scene: a kiosk woman pointing down a dark corner toward a distant café light, a letter in her other hand. 3:2 landscape, subject held in the central 90%, cinematic lighting. Negative prompt: no text, no lettering, no watermark, no logos, no visible faces or eye contact, no bright saturated colours, no daytime blue sky, no cartoon style.","A kiosk woman pointing down a dark corner toward a distant café light, a letter in her other hand."
10,images/new-city/ep-01/10.webp,bed,"Painterly atmospheric illustration, cinematic nocturne: a cold, unfamiliar city at night lit by a single warm sodium-amber source against deep navy-and-teal blues; limited muted palette, soft volumetric fog, gentle film grain and visible painterly brushwork; faceless viewpoint — show the world from behind or over the shoulder, or only hands and objects, never a clear face or eye contact; culturally neutral modern European-ish port city, no readable text or signage, no flags or landmarks; quiet, uncertain, atmospheric but not frightening. Scene: a small, clean, cheap hotel lobby at night; a key on the desk, a yellow agency sign glimpsed across the road. 3:2 landscape, subject held in the central 90%, cinematic lighting. Negative prompt: no text, no lettering, no watermark, no logos, no visible faces or eye contact, no bright saturated colours, no daytime blue sky, no cartoon style.","A small, clean, cheap hotel lobby at night; a key on the desk, a yellow agency sign glimpsed across the road."
11,images/new-city/ep-01/11.webp,window,"Painterly atmospheric illustration, cinematic nocturne: a cold, unfamiliar city at night lit by a single warm sodium-amber source against deep navy-and-teal blues; limited muted palette, soft volumetric fog, gentle film grain and visible painterly brushwork; faceless viewpoint — show the world from behind or over the shoulder, or only hands and objects, never a clear face or eye contact; culturally neutral modern European-ish port city, no readable text or signage, no flags or landmarks; quiet, uncertain, atmospheric but not frightening. Scene: looking through a dusty office window: an overturned chair, a stopped calendar, one small light behind a glass door at the back. 3:2 landscape, subject held in the central 90%, cinematic lighting. Negative prompt: no text, no lettering, no watermark, no logos, no visible faces or eye contact, no bright saturated colours, no daytime blue sky, no cartoon style.","Looking through a dusty office window: an overturned chair, a stopped calendar, one small light behind a glass door at the back."
12,images/new-city/ep-01/12.webp,door,"Painterly atmospheric illustration, cinematic nocturne: a cold, unfamiliar city at night lit by a single warm sodium-amber source against deep navy-and-teal blues; limited muted palette, soft volumetric fog, gentle film grain and visible painterly brushwork; faceless viewpoint — show the world from behind or over the shoulder, or only hands and objects, never a clear face or eye contact; culturally neutral modern European-ish port city, no readable text or signage, no flags or landmarks; quiet, uncertain, atmospheric but not frightening. Scene: a neighbour's half-open door at night, a figure in a dressing gown, warm hall light spilling onto the step. 3:2 landscape, subject held in the central 90%, cinematic lighting. Negative prompt: no text, no lettering, no watermark, no logos, no visible faces or eye contact, no bright saturated colours, no daytime blue sky, no cartoon style.","A neighbour's half-open door at night, a figure in a dressing gown, warm hall light spilling onto the step."
13,images/new-city/ep-01/13.webp,bench,"Painterly atmospheric illustration, cinematic nocturne: a cold, unfamiliar city at night lit by a single warm sodium-amber source against deep navy-and-teal blues; limited muted palette, soft volumetric fog, gentle film grain and visible painterly brushwork; faceless viewpoint — show the world from behind or over the shoulder, or only hands and objects, never a clear face or eye contact; culturally neutral modern European-ish port city, no readable text or signage, no flags or landmarks; quiet, uncertain, atmospheric but not frightening. Scene: a hard station bench at first light, a coat pulled close, a cleaner's trolley approaching. 3:2 landscape, subject held in the central 90%, cinematic lighting. Negative prompt: no text, no lettering, no watermark, no logos, no visible faces or eye contact, no bright saturated colours, no daytime blue sky, no cartoon style.","A hard station bench at first light, a coat pulled close, a cleaner's trolley approaching."
14,images/new-city/ep-01/14.webp,lamp,"Painterly atmospheric illustration, cinematic nocturne: a cold, unfamiliar city at night lit by a single warm sodium-amber source against deep navy-and-teal blues; limited muted palette, soft volumetric fog, gentle film grain and visible painterly brushwork; faceless viewpoint — show the world from behind or over the shoulder, or only hands and objects, never a clear face or eye contact; culturally neutral modern European-ish port city, no readable text or signage, no flags or landmarks; quiet, uncertain, atmospheric but not frightening. Scene: empty repeating night streets and a single street lamp; back near the station at three in the morning, nothing learned. 3:2 landscape, subject held in the central 90%, cinematic lighting. Negative prompt: no text, no lettering, no watermark, no logos, no visible faces or eye contact, no bright saturated colours, no daytime blue sky, no cartoon style.","Empty repeating night streets and a single street lamp; back near the station at three in the morning, nothing learned."
15,images/new-city/ep-01/15.webp,card,"Painterly atmospheric illustration, cinematic nocturne: a cold, unfamiliar city at night lit by a single warm sodium-amber source against deep navy-and-teal blues; limited muted palette, soft volumetric fog, gentle film grain and visible painterly brushwork; faceless viewpoint — show the world from behind or over the shoulder, or only hands and objects, never a clear face or eye contact; culturally neutral modern European-ish port city, no readable text or signage, no flags or landmarks; quiet, uncertain, atmospheric but not frightening. Scene: a business card taped inside a dark café window, a new address just legible; cold hands raising a phone to photograph it. 3:2 landscape, subject held in the central 90%, cinematic lighting. Negative prompt: no text, no lettering, no watermark, no logos, no visible faces or eye contact, no bright saturated colours, no daytime blue sky, no cartoon style.","A business card taped inside a dark café window, a new address just legible; cold hands raising a phone to photograph it."
16,images/new-city/ep-01/16.webp,bed,"Painterly atmospheric illustration, cinematic nocturne: a cold, unfamiliar city at night lit by a single warm sodium-amber source against deep navy-and-teal blues; limited muted palette, soft volumetric fog, gentle film grain and visible painterly brushwork; faceless viewpoint — show the world from behind or over the shoulder, or only hands and objects, never a clear face or eye contact; culturally neutral modern European-ish port city, no readable text or signage, no flags or landmarks; quiet, uncertain, atmospheric but not frightening. Scene: a small clean room at first light, its window looking down on a big yellow agency sign across the road. 3:2 landscape, subject held in the central 90%, cinematic lighting. Negative prompt: no text, no lettering, no watermark, no logos, no visible faces or eye contact, no bright saturated colours, no daytime blue sky, no cartoon style.","A small clean room at first light, its window looking down on a big yellow agency sign across the road."
17,images/new-city/ep-01/17.webp,building,"Painterly atmospheric illustration, cinematic nocturne: a cold, unfamiliar city at night lit by a single warm sodium-amber source against deep navy-and-teal blues; limited muted palette, soft volumetric fog, gentle film grain and visible painterly brushwork; faceless viewpoint — show the world from behind or over the shoulder, or only hands and objects, never a clear face or eye contact; culturally neutral modern European-ish port city, no readable text or signage, no flags or landmarks; quiet, uncertain, atmospheric but not frightening. Scene: the empty abandoned building at eight in the morning, grey and shut, an hour before the interview. 3:2 landscape, subject held in the central 90%, cinematic lighting. Negative prompt: no text, no lettering, no watermark, no logos, no visible faces or eye contact, no bright saturated colours, no daytime blue sky, no cartoon style.","The empty abandoned building at eight in the morning, grey and shut, an hour before the interview."
18,images/new-city/ep-01/18.webp,door,"Painterly atmospheric illustration, cinematic nocturne: a cold, unfamiliar city at night lit by a single warm sodium-amber source against deep navy-and-teal blues; limited muted palette, soft volumetric fog, gentle film grain and visible painterly brushwork; faceless viewpoint — show the world from behind or over the shoulder, or only hands and objects, never a clear face or eye contact; culturally neutral modern European-ish port city, no readable text or signage, no flags or landmarks; quiet, uncertain, atmospheric but not frightening. Scene: a cleaner half-opening an inner glass door onto empty offices, waving you away. 3:2 landscape, subject held in the central 90%, cinematic lighting. Negative prompt: no text, no lettering, no watermark, no logos, no visible faces or eye contact, no bright saturated colours, no daytime blue sky, no cartoon style.","A cleaner half-opening an inner glass door onto empty offices, waving you away."
19,images/new-city/ep-01/19.webp,quay,"Painterly atmospheric illustration, cinematic nocturne: a cold, unfamiliar city at night lit by a single warm sodium-amber source against deep navy-and-teal blues; limited muted palette, soft volumetric fog, gentle film grain and visible painterly brushwork; faceless viewpoint — show the world from behind or over the shoulder, or only hands and objects, never a clear face or eye contact; culturally neutral modern European-ish port city, no readable text or signage, no flags or landmarks; quiet, uncertain, atmospheric but not frightening. Scene: walking toward the river near two in the morning; new all-glass offices dark across the black water. 3:2 landscape, subject held in the central 90%, cinematic lighting. Negative prompt: no text, no lettering, no watermark, no logos, no visible faces or eye contact, no bright saturated colours, no daytime blue sky, no cartoon style.",Walking toward the river near two in the morning; new all-glass offices dark across the black water.
20,images/new-city/ep-01/20.webp,building,"Painterly atmospheric illustration, cinematic nocturne: a cold, unfamiliar city at night lit by a single warm sodium-amber source against deep navy-and-teal blues; limited muted palette, soft volumetric fog, gentle film grain and visible painterly brushwork; faceless viewpoint — show the world from behind or over the shoulder, or only hands and objects, never a clear face or eye contact; culturally neutral modern European-ish port city, no readable text or signage, no flags or landmarks; quiet, uncertain, atmospheric but not frightening. Scene: a cold grey morning, exhausted, standing before the empty building. 3:2 landscape, subject held in the central 90%, cinematic lighting. Negative prompt: no text, no lettering, no watermark, no logos, no visible faces or eye contact, no bright saturated colours, no daytime blue sky, no cartoon style.","A cold grey morning, exhausted, standing before the empty building."
21,images/new-city/ep-01/21.webp,cup,"Painterly atmospheric illustration, cinematic nocturne: a cold, unfamiliar city at night lit by a single warm sodium-amber source against deep navy-and-teal blues; limited muted palette, soft volumetric fog, gentle film grain and visible painterly brushwork; faceless viewpoint — show the world from behind or over the shoulder, or only hands and objects, never a clear face or eye contact; culturally neutral modern European-ish port city, no readable text or signage, no flags or landmarks; quiet, uncertain, atmospheric but not frightening. Scene: a warm, expensive café at night — a cup and a letter on the table — weighing whether to go on. 3:2 landscape, subject held in the central 90%, cinematic lighting. Negative prompt: no text, no lettering, no watermark, no logos, no visible faces or eye contact, no bright saturated colours, no daytime blue sky, no cartoon style.","A warm, expensive café at night — a cup and a letter on the table — weighing whether to go on."
22,images/new-city/ep-01/22.webp,bench,"Painterly atmospheric illustration, cinematic nocturne: a cold, unfamiliar city at night lit by a single warm sodium-amber source against deep navy-and-teal blues; limited muted palette, soft volumetric fog, gentle film grain and visible painterly brushwork; faceless viewpoint — show the world from behind or over the shoulder, or only hands and objects, never a clear face or eye contact; culturally neutral modern European-ish port city, no readable text or signage, no flags or landmarks; quiet, uncertain, atmospheric but not frightening. Scene: a station bench at eight in the morning, numb feet, the pull to simply go home. 3:2 landscape, subject held in the central 90%, cinematic lighting. Negative prompt: no text, no lettering, no watermark, no logos, no visible faces or eye contact, no bright saturated colours, no daytime blue sky, no cartoon style.","A station bench at eight in the morning, numb feet, the pull to simply go home."
23,images/new-city/ep-01/23.webp,quay,"Painterly atmospheric illustration, cinematic nocturne: a cold, unfamiliar city at night lit by a single warm sodium-amber source against deep navy-and-teal blues; limited muted palette, soft volumetric fog, gentle film grain and visible painterly brushwork; faceless viewpoint — show the world from behind or over the shoulder, or only hands and objects, never a clear face or eye contact; culturally neutral modern European-ish port city, no readable text or signage, no flags or landmarks; quiet, uncertain, atmospheric but not frightening. Scene: a new riverside building's brass company directory; the fourth name legible only as a name-plate, second floor. 3:2 landscape, subject held in the central 90%, cinematic lighting. Negative prompt: no text, no lettering, no watermark, no logos, no visible faces or eye contact, no bright saturated colours, no daytime blue sky, no cartoon style.","A new riverside building's brass company directory; the fourth name legible only as a name-plate, second floor."
24,images/new-city/ep-01/24.webp,suit,"Painterly atmospheric illustration, cinematic nocturne: a cold, unfamiliar city at night lit by a single warm sodium-amber source against deep navy-and-teal blues; limited muted palette, soft volumetric fog, gentle film grain and visible painterly brushwork; faceless viewpoint — show the world from behind or over the shoulder, or only hands and objects, never a clear face or eye contact; culturally neutral modern European-ish port city, no readable text or signage, no flags or landmarks; quiet, uncertain, atmospheric but not frightening. Scene: a too-bright new job-agency office, a yellow sign, a man in a good suit sliding a form across the counter. 3:2 landscape, subject held in the central 90%, cinematic lighting. Negative prompt: no text, no lettering, no watermark, no logos, no visible faces or eye contact, no bright saturated colours, no daytime blue sky, no cartoon style.","A too-bright new job-agency office, a yellow sign, a man in a good suit sliding a form across the counter."
25,images/new-city/ep-01/25.webp,quay,"Painterly atmospheric illustration, cinematic nocturne: a cold, unfamiliar city at night lit by a single warm sodium-amber source against deep navy-and-teal blues; limited muted palette, soft volumetric fog, gentle film grain and visible painterly brushwork; faceless viewpoint — show the world from behind or over the shoulder, or only hands and objects, never a clear face or eye contact; culturally neutral modern European-ish port city, no readable text or signage, no flags or landmarks; quiet, uncertain, atmospheric but not frightening. Scene: the river quay at half past eight, grey water and gulls, arriving early and almost clean. 3:2 landscape, subject held in the central 90%, cinematic lighting. Negative prompt: no text, no lettering, no watermark, no logos, no visible faces or eye contact, no bright saturated colours, no daytime blue sky, no cartoon style.","The river quay at half past eight, grey water and gulls, arriving early and almost clean."
26,images/new-city/ep-01/26.webp,door,"Painterly atmospheric illustration, cinematic nocturne: a cold, unfamiliar city at night lit by a single warm sodium-amber source against deep navy-and-teal blues; limited muted palette, soft volumetric fog, gentle film grain and visible painterly brushwork; faceless viewpoint — show the world from behind or over the shoulder, or only hands and objects, never a clear face or eye contact; culturally neutral modern European-ish port city, no readable text or signage, no flags or landmarks; quiet, uncertain, atmospheric but not frightening. Scene: a young woman opening a door at night, pointing toward a night bus at the corner. 3:2 landscape, subject held in the central 90%, cinematic lighting. Negative prompt: no text, no lettering, no watermark, no logos, no visible faces or eye contact, no bright saturated colours, no daytime blue sky, no cartoon style.","A young woman opening a door at night, pointing toward a night bus at the corner."
27,images/new-city/ep-01/27.webp,keys,"Painterly atmospheric illustration, cinematic nocturne: a cold, unfamiliar city at night lit by a single warm sodium-amber source against deep navy-and-teal blues; limited muted palette, soft volumetric fog, gentle film grain and visible painterly brushwork; faceless viewpoint — show the world from behind or over the shoulder, or only hands and objects, never a clear face or eye contact; culturally neutral modern European-ish port city, no readable text or signage, no flags or landmarks; quiet, uncertain, atmospheric but not frightening. Scene: a woman arriving at a riverside door with a key and a coffee — she turns out to be the firm. 3:2 landscape, subject held in the central 90%, cinematic lighting. Negative prompt: no text, no lettering, no watermark, no logos, no visible faces or eye contact, no bright saturated colours, no daytime blue sky, no cartoon style.",A woman arriving at a riverside door with a key and a coffee — she turns out to be the firm.
28,images/new-city/ep-01/28.webp,quay,"Painterly atmospheric illustration, cinematic nocturne: a cold, unfamiliar city at night lit by a single warm sodium-amber source against deep navy-and-teal blues; limited muted palette, soft volumetric fog, gentle film grain and visible painterly brushwork; faceless viewpoint — show the world from behind or over the shoulder, or only hands and objects, never a clear face or eye contact; culturally neutral modern European-ish port city, no readable text or signage, no flags or landmarks; quiet, uncertain, atmospheric but not frightening. Scene: identical dark quay buildings at night; the number you found is only a car park, so you sit by the water. 3:2 landscape, subject held in the central 90%, cinematic lighting. Negative prompt: no text, no lettering, no watermark, no logos, no visible faces or eye contact, no bright saturated colours, no daytime blue sky, no cartoon style.","Identical dark quay buildings at night; the number you found is only a car park, so you sit by the water."
29,images/new-city/ep-01/29.webp,card,"Painterly atmospheric illustration, cinematic nocturne: a cold, unfamiliar city at night lit by a single warm sodium-amber source against deep navy-and-teal blues; limited muted palette, soft volumetric fog, gentle film grain and visible painterly brushwork; faceless viewpoint — show the world from behind or over the shoulder, or only hands and objects, never a clear face or eye contact; culturally neutral modern European-ish port city, no readable text or signage, no flags or landmarks; quiet, uncertain, atmospheric but not frightening. Scene: a café counter at night, a hand writing an address on a paper napkin. 3:2 landscape, subject held in the central 90%, cinematic lighting. Negative prompt: no text, no lettering, no watermark, no logos, no visible faces or eye contact, no bright saturated colours, no daytime blue sky, no cartoon style.","A café counter at night, a hand writing an address on a paper napkin."
30,images/new-city/ep-01/30.webp,desk,"Painterly atmospheric illustration, cinematic nocturne: a cold, unfamiliar city at night lit by a single warm sodium-amber source against deep navy-and-teal blues; limited muted palette, soft volumetric fog, gentle film grain and visible painterly brushwork; faceless viewpoint — show the world from behind or over the shoulder, or only hands and objects, never a clear face or eye contact; culturally neutral modern European-ish port city, no readable text or signage, no flags or landmarks; quiet, uncertain, atmospheric but not frightening. Scene: a warm reception desk smelling of coffee, a name typed twice on a screen, no interview found. 3:2 landscape, subject held in the central 90%, cinematic lighting. Negative prompt: no text, no lettering, no watermark, no logos, no visible faces or eye contact, no bright saturated colours, no daytime blue sky, no cartoon style.","A warm reception desk smelling of coffee, a name typed twice on a screen, no interview found."
31,images/new-city/ep-01/31.webp,cup,"Painterly atmospheric illustration, cinematic nocturne: a cold, unfamiliar city at night lit by a single warm sodium-amber source against deep navy-and-teal blues; limited muted palette, soft volumetric fog, gentle film grain and visible painterly brushwork; faceless viewpoint — show the world from behind or over the shoulder, or only hands and objects, never a clear face or eye contact; culturally neutral modern European-ish port city, no readable text or signage, no flags or landmarks; quiet, uncertain, atmospheric but not frightening. Scene: a woman near sixty approaching a glass door with a takeaway coffee; a small yellow luggage tag on her bag. 3:2 landscape, subject held in the central 90%, cinematic lighting. Negative prompt: no text, no lettering, no watermark, no logos, no visible faces or eye contact, no bright saturated colours, no daytime blue sky, no cartoon style.",A woman near sixty approaching a glass door with a takeaway coffee; a small yellow luggage tag on her bag.
32,images/new-city/ep-01/32.webp,coin,"Painterly atmospheric illustration, cinematic nocturne: a cold, unfamiliar city at night lit by a single warm sodium-amber source against deep navy-and-teal blues; limited muted palette, soft volumetric fog, gentle film grain and visible painterly brushwork; faceless viewpoint — show the world from behind or over the shoulder, or only hands and objects, never a clear face or eye contact; culturally neutral modern European-ish port city, no readable text or signage, no flags or landmarks; quiet, uncertain, atmospheric but not frightening. Scene: a plain receipt bearing only a number, money just handed across a counter and gone. 3:2 landscape, subject held in the central 90%, cinematic lighting. Negative prompt: no text, no lettering, no watermark, no logos, no visible faces or eye contact, no bright saturated colours, no daytime blue sky, no cartoon style.","A plain receipt bearing only a number, money just handed across a counter and gone."
33,images/new-city/ep-01/33.webp,coin,"Painterly atmospheric illustration, cinematic nocturne: a cold, unfamiliar city at night lit by a single warm sodium-amber source against deep navy-and-teal blues; limited muted palette, soft volumetric fog, gentle film grain and visible painterly brushwork; faceless viewpoint — show the world from behind or over the shoulder, or only hands and objects, never a clear face or eye contact; culturally neutral modern European-ish port city, no readable text or signage, no flags or landmarks; quiet, uncertain, atmospheric but not frightening. Scene: across a desk, a good-suited man's smile vanishing as the form is pushed back, unpaid. 3:2 landscape, subject held in the central 90%, cinematic lighting. Negative prompt: no text, no lettering, no watermark, no logos, no visible faces or eye contact, no bright saturated colours, no daytime blue sky, no cartoon style.","Across a desk, a good-suited man's smile vanishing as the form is pushed back, unpaid."
34,images/new-city/ep-01/34.webp,letter,"Painterly atmospheric illustration, cinematic nocturne: a cold, unfamiliar city at night lit by a single warm sodium-amber source against deep navy-and-teal blues; limited muted palette, soft volumetric fog, gentle film grain and visible painterly brushwork; faceless viewpoint — show the world from behind or over the shoulder, or only hands and objects, never a clear face or eye contact; culturally neutral modern European-ish port city, no readable text or signage, no flags or landmarks; quiet, uncertain, atmospheric but not frightening. Scene: quarter past nine on an empty street; a now-useless letter in hand, pockets nearly empty. 3:2 landscape, subject held in the central 90%, cinematic lighting. Negative prompt: no text, no lettering, no watermark, no logos, no visible faces or eye contact, no bright saturated colours, no daytime blue sky, no cartoon style.","Quarter past nine on an empty street; a now-useless letter in hand, pockets nearly empty."
35,images/new-city/ep-01/35.webp,desk,"Painterly atmospheric illustration, cinematic nocturne: a cold, unfamiliar city at night lit by a single warm sodium-amber source against deep navy-and-teal blues; limited muted palette, soft volumetric fog, gentle film grain and visible painterly brushwork; faceless viewpoint — show the world from behind or over the shoulder, or only hands and objects, never a clear face or eye contact; culturally neutral modern European-ish port city, no readable text or signage, no flags or landmarks; quiet, uncertain, atmospheric but not frightening. Scene: an office over the water; a woman reading your letter, a chair drawn up for you. 3:2 landscape, subject held in the central 90%, cinematic lighting. Negative prompt: no text, no lettering, no watermark, no logos, no visible faces or eye contact, no bright saturated colours, no daytime blue sky, no cartoon style.","An office over the water; a woman reading your letter, a chair drawn up for you."
36,images/new-city/ep-01/36.webp,desk,"Painterly atmospheric illustration, cinematic nocturne: a cold, unfamiliar city at night lit by a single warm sodium-amber source against deep navy-and-teal blues; limited muted palette, soft volumetric fog, gentle film grain and visible painterly brushwork; faceless viewpoint — show the world from behind or over the shoulder, or only hands and objects, never a clear face or eye contact; culturally neutral modern European-ish port city, no readable text or signage, no flags or landmarks; quiet, uncertain, atmospheric but not frightening. Scene: warm office light at last — a desk, a tray of letters to correct, a job honestly begun. 3:2 landscape, subject held in the central 90%, cinematic lighting. Negative prompt: no text, no lettering, no watermark, no logos, no visible faces or eye contact, no bright saturated colours, no daytime blue sky, no cartoon style.","Warm office light at last — a desk, a tray of letters to correct, a job honestly begun."
37,images/new-city/ep-01/37.webp,notebook,"Painterly atmospheric illustration, cinematic nocturne: a cold, unfamiliar city at night lit by a single warm sodium-amber source against deep navy-and-teal blues; limited muted palette, soft volumetric fog, gentle film grain and visible painterly brushwork; faceless viewpoint — show the world from behind or over the shoulder, or only hands and objects, never a clear face or eye contact; culturally neutral modern European-ish port city, no readable text or signage, no flags or landmarks; quiet, uncertain, atmospheric but not frightening. Scene: a hand writing your name on a real sheet of paper; a door held open to the street. 3:2 landscape, subject held in the central 90%, cinematic lighting. Negative prompt: no text, no lettering, no watermark, no logos, no visible faces or eye contact, no bright saturated colours, no daytime blue sky, no cartoon style.",A hand writing your name on a real sheet of paper; a door held open to the street.
38,images/new-city/ep-01/38.webp,desk,"Painterly atmospheric illustration, cinematic nocturne: a cold, unfamiliar city at night lit by a single warm sodium-amber source against deep navy-and-teal blues; limited muted palette, soft volumetric fog, gentle film grain and visible painterly brushwork; faceless viewpoint — show the world from behind or over the shoulder, or only hands and objects, never a clear face or eye contact; culturally neutral modern European-ish port city, no readable text or signage, no flags or landmarks; quiet, uncertain, atmospheric but not frightening. Scene: on an office step, a woman turning and half-smiling, recognised before a word is said, warm morning. 3:2 landscape, subject held in the central 90%, cinematic lighting. Negative prompt: no text, no lettering, no watermark, no logos, no visible faces or eye contact, no bright saturated colours, no daytime blue sky, no cartoon style.","On an office step, a woman turning and half-smiling, recognised before a word is said, warm morning."
39,images/new-city/ep-01/39.webp,coin,"Painterly atmospheric illustration, cinematic nocturne: a cold, unfamiliar city at night lit by a single warm sodium-amber source against deep navy-and-teal blues; limited muted palette, soft volumetric fog, gentle film grain and visible painterly brushwork; faceless viewpoint — show the world from behind or over the shoulder, or only hands and objects, never a clear face or eye contact; culturally neutral modern European-ish port city, no readable text or signage, no flags or landmarks; quiet, uncertain, atmospheric but not frightening. Scene: a locked glass door with an empty office behind it and a receipt bearing only a number. 3:2 landscape, subject held in the central 90%, cinematic lighting. Negative prompt: no text, no lettering, no watermark, no logos, no visible faces or eye contact, no bright saturated colours, no daytime blue sky, no cartoon style.",A locked glass door with an empty office behind it and a receipt bearing only a number.
40,images/new-city/ep-01/40.webp,board,"Painterly atmospheric illustration, cinematic nocturne: a cold, unfamiliar city at night lit by a single warm sodium-amber source against deep navy-and-teal blues; limited muted palette, soft volumetric fog, gentle film grain and visible painterly brushwork; faceless viewpoint — show the world from behind or over the shoulder, or only hands and objects, never a clear face or eye contact; culturally neutral modern European-ish port city, no readable text or signage, no flags or landmarks; quiet, uncertain, atmospheric but not frightening. Scene: a departures board at a station, a two-o'clock train back the way you came. 3:2 landscape, subject held in the central 90%, cinematic lighting. Negative prompt: no text, no lettering, no watermark, no logos, no visible faces or eye contact, no bright saturated colours, no daytime blue sky, no cartoon style.","A departures board at a station, a two-o'clock train back the way you came."
41,images/new-city/ep-01/41.webp,companions,"Painterly atmospheric illustration, cinematic nocturne: a cold, unfamiliar city at night lit by a single warm sodium-amber source against deep navy-and-teal blues; limited muted palette, soft volumetric fog, gentle film grain and visible painterly brushwork; faceless viewpoint — show the world from behind or over the shoulder, or only hands and objects, never a clear face or eye contact; culturally neutral modern European-ish port city, no readable text or signage, no flags or landmarks; quiet, uncertain, atmospheric but not frightening. Scene: an emptying platform; a young traveller with a big backpack rereading a scrap of paper, as lost as you. 3:2 landscape, subject held in the central 90%, cinematic lighting. Negative prompt: no text, no lettering, no watermark, no logos, no visible faces or eye contact, no bright saturated colours, no daytime blue sky, no cartoon style.","An emptying platform; a young traveller with a big backpack rereading a scrap of paper, as lost as you."
42,images/new-city/ep-01/42.webp,companions,"Painterly atmospheric illustration, cinematic nocturne: a cold, unfamiliar city at night lit by a single warm sodium-amber source against deep navy-and-teal blues; limited muted palette, soft volumetric fog, gentle film grain and visible painterly brushwork; faceless viewpoint — show the world from behind or over the shoulder, or only hands and objects, never a clear face or eye contact; culturally neutral modern European-ish port city, no readable text or signage, no flags or landmarks; quiet, uncertain, atmospheric but not frightening. Scene: two travellers with cases under station light comparing addresses — for a moment, not alone. 3:2 landscape, subject held in the central 90%, cinematic lighting. Negative prompt: no text, no lettering, no watermark, no logos, no visible faces or eye contact, no bright saturated colours, no daytime blue sky, no cartoon style.","Two travellers with cases under station light comparing addresses — for a moment, not alone."
43,images/new-city/ep-01/43.webp,kiosk,"Painterly atmospheric illustration, cinematic nocturne: a cold, unfamiliar city at night lit by a single warm sodium-amber source against deep navy-and-teal blues; limited muted palette, soft volumetric fog, gentle film grain and visible painterly brushwork; faceless viewpoint — show the world from behind or over the shoulder, or only hands and objects, never a clear face or eye contact; culturally neutral modern European-ish port city, no readable text or signage, no flags or landmarks; quiet, uncertain, atmospheric but not frightening. Scene: a newsstand man at night reading your letter among stacks of papers. 3:2 landscape, subject held in the central 90%, cinematic lighting. Negative prompt: no text, no lettering, no watermark, no logos, no visible faces or eye contact, no bright saturated colours, no daytime blue sky, no cartoon style.",A newsstand man at night reading your letter among stacks of papers.
44,images/new-city/ep-01/44.webp,kiosk,"Painterly atmospheric illustration, cinematic nocturne: a cold, unfamiliar city at night lit by a single warm sodium-amber source against deep navy-and-teal blues; limited muted palette, soft volumetric fog, gentle film grain and visible painterly brushwork; faceless viewpoint — show the world from behind or over the shoulder, or only hands and objects, never a clear face or eye contact; culturally neutral modern European-ish port city, no readable text or signage, no flags or landmarks; quiet, uncertain, atmospheric but not frightening. Scene: a kiosk man gesturing toward the river, explaining the firm moved years ago. 3:2 landscape, subject held in the central 90%, cinematic lighting. Negative prompt: no text, no lettering, no watermark, no logos, no visible faces or eye contact, no bright saturated colours, no daytime blue sky, no cartoon style.","A kiosk man gesturing toward the river, explaining the firm moved years ago."
45,images/new-city/ep-01/45.webp,sign,"Painterly atmospheric illustration, cinematic nocturne: a cold, unfamiliar city at night lit by a single warm sodium-amber source against deep navy-and-teal blues; limited muted palette, soft volumetric fog, gentle film grain and visible painterly brushwork; faceless viewpoint — show the world from behind or over the shoulder, or only hands and objects, never a clear face or eye contact; culturally neutral modern European-ish port city, no readable text or signage, no flags or landmarks; quiet, uncertain, atmospheric but not frightening. Scene: a torn old company notice on builders' hoarding, a marker word and an arrow pointing east. 3:2 landscape, subject held in the central 90%, cinematic lighting. Negative prompt: no text, no lettering, no watermark, no logos, no visible faces or eye contact, no bright saturated colours, no daytime blue sky, no cartoon style.","A torn old company notice on builders' hoarding, a marker word and an arrow pointing east."
46,images/new-city/ep-01/46.webp,door,"Painterly atmospheric illustration, cinematic nocturne: a cold, unfamiliar city at night lit by a single warm sodium-amber source against deep navy-and-teal blues; limited muted palette, soft volumetric fog, gentle film grain and visible painterly brushwork; faceless viewpoint — show the world from behind or over the shoulder, or only hands and objects, never a clear face or eye contact; culturally neutral modern European-ish port city, no readable text or signage, no flags or landmarks; quiet, uncertain, atmospheric but not frightening. Scene: a narrow side door at night with a thin line of warm light beneath it. 3:2 landscape, subject held in the central 90%, cinematic lighting. Negative prompt: no text, no lettering, no watermark, no logos, no visible faces or eye contact, no bright saturated colours, no daytime blue sky, no cartoon style.",A narrow side door at night with a thin line of warm light beneath it.
47,images/new-city/ep-01/47.webp,door,"Painterly atmospheric illustration, cinematic nocturne: a cold, unfamiliar city at night lit by a single warm sodium-amber source against deep navy-and-teal blues; limited muted palette, soft volumetric fog, gentle film grain and visible painterly brushwork; faceless viewpoint — show the world from behind or over the shoulder, or only hands and objects, never a clear face or eye contact; culturally neutral modern European-ish port city, no readable text or signage, no flags or landmarks; quiet, uncertain, atmospheric but not frightening. Scene: a woman leaving an office, pulling on her coat, gesturing toward the river. 3:2 landscape, subject held in the central 90%, cinematic lighting. Negative prompt: no text, no lettering, no watermark, no logos, no visible faces or eye contact, no bright saturated colours, no daytime blue sky, no cartoon style.","A woman leaving an office, pulling on her coat, gesturing toward the river."
48,images/new-city/ep-01/48.webp,bench,"Painterly atmospheric illustration, cinematic nocturne: a cold, unfamiliar city at night lit by a single warm sodium-amber source against deep navy-and-teal blues; limited muted palette, soft volumetric fog, gentle film grain and visible painterly brushwork; faceless viewpoint — show the world from behind or over the shoulder, or only hands and objects, never a clear face or eye contact; culturally neutral modern European-ish port city, no readable text or signage, no flags or landmarks; quiet, uncertain, atmospheric but not frightening. Scene: a station bench at night; a man with only a paper cup, no bag and no coat, quietly beside you. 3:2 landscape, subject held in the central 90%, cinematic lighting. Negative prompt: no text, no lettering, no watermark, no logos, no visible faces or eye contact, no bright saturated colours, no daytime blue sky, no cartoon style.","A station bench at night; a man with only a paper cup, no bag and no coat, quietly beside you."
120,images/new-city/ep-01/120.webp,desk,"Painterly atmospheric illustration, cinematic nocturne: a cold, unfamiliar city at night lit by a single warm sodium-amber source against deep navy-and-teal blues; limited muted palette, soft volumetric fog, gentle film grain and visible painterly brushwork; faceless viewpoint — show the world from behind or over the shoulder, or only hands and objects, never a clear face or eye contact; culturally neutral modern European-ish port city, no readable text or signage, no flags or landmarks; quiet, uncertain, atmospheric but not frightening. Scene: a question across a desk: why hire a stranger arrived almost by chance. 3:2 landscape, subject held in the central 90%, cinematic lighting. Negative prompt: no text, no lettering, no watermark, no logos, no visible faces or eye contact, no bright saturated colours, no daytime blue sky, no cartoon style.",A question across a desk: why hire a stranger arrived almost by chance.
121,images/new-city/ep-01/121.webp,coin,"Painterly atmospheric illustration, cinematic nocturne: a cold, unfamiliar city at night lit by a single warm sodium-amber source against deep navy-and-teal blues; limited muted palette, soft volumetric fog, gentle film grain and visible painterly brushwork; faceless viewpoint — show the world from behind or over the shoulder, or only hands and objects, never a clear face or eye contact; culturally neutral modern European-ish port city, no readable text or signage, no flags or landmarks; quiet, uncertain, atmospheric but not frightening. Scene: recounting the agency that nearly took the last of your money; you were right to walk away. 3:2 landscape, subject held in the central 90%, cinematic lighting. Negative prompt: no text, no lettering, no watermark, no logos, no visible faces or eye contact, no bright saturated colours, no daytime blue sky, no cartoon style.",Recounting the agency that nearly took the last of your money; you were right to walk away.
141,images/new-city/ep-01/141.webp,desk,"Painterly atmospheric illustration, cinematic nocturne: a cold, unfamiliar city at night lit by a single warm sodium-amber source against deep navy-and-teal blues; limited muted palette, soft volumetric fog, gentle film grain and visible painterly brushwork; faceless viewpoint — show the world from behind or over the shoulder, or only hands and objects, never a clear face or eye contact; culturally neutral modern European-ish port city, no readable text or signage, no flags or landmarks; quiet, uncertain, atmospheric but not frightening. Scene: a plain handshake in a plain office, morning light — everything earned. Mood: warm, resolved, a held breath let go. 3:2 landscape, subject held in the central 90%, cinematic lighting. Negative prompt: no text, no lettering, no watermark, no logos, no visible faces or eye contact, no bright saturated colours, no daytime blue sky, no cartoon style.","A plain handshake in a plain office, morning light — everything earned."
142,images/new-city/ep-01/142.webp,desk,"Painterly atmospheric illustration, cinematic nocturne: a cold, unfamiliar city at night lit by a single warm sodium-amber source against deep navy-and-teal blues; limited muted palette, soft volumetric fog, gentle film grain and visible painterly brushwork; faceless viewpoint — show the world from behind or over the shoulder, or only hands and objects, never a clear face or eye contact; culturally neutral modern European-ish port city, no readable text or signage, no flags or landmarks; quiet, uncertain, atmospheric but not frightening. Scene: walking in rested and owing nothing, the river bright through the office window. Mood: warm, resolved, a held breath let go. 3:2 landscape, subject held in the central 90%, cinematic lighting. Negative prompt: no text, no lettering, no watermark, no logos, no visible faces or eye contact, no bright saturated colours, no daytime blue sky, no cartoon style.","Walking in rested and owing nothing, the river bright through the office window."
143,images/new-city/ep-01/143.webp,notebook,"Painterly atmospheric illustration, cinematic nocturne: a cold, unfamiliar city at night lit by a single warm sodium-amber source against deep navy-and-teal blues; limited muted palette, soft volumetric fog, gentle film grain and visible painterly brushwork; faceless viewpoint — show the world from behind or over the shoulder, or only hands and objects, never a clear face or eye contact; culturally neutral modern European-ish port city, no readable text or signage, no flags or landmarks; quiet, uncertain, atmospheric but not frightening. Scene: a hand closing a notebook with your name in it, the city going on outside. Mood: muted, unresolved, neither win nor loss. 3:2 landscape, subject held in the central 90%, cinematic lighting. Negative prompt: no text, no lettering, no watermark, no logos, no visible faces or eye contact, no bright saturated colours, no daytime blue sky, no cartoon style.","A hand closing a notebook with your name in it, the city going on outside."
144,images/new-city/ep-01/144.webp,suit,"Painterly atmospheric illustration, cinematic nocturne: a cold, unfamiliar city at night lit by a single warm sodium-amber source against deep navy-and-teal blues; limited muted palette, soft volumetric fog, gentle film grain and visible painterly brushwork; faceless viewpoint — show the world from behind or over the shoulder, or only hands and objects, never a clear face or eye contact; culturally neutral modern European-ish port city, no readable text or signage, no flags or landmarks; quiet, uncertain, atmospheric but not frightening. Scene: new carpet, a lanyard, a screen — everything correct and nothing felt. Mood: correct but hollow, a warmth withheld. 3:2 landscape, subject held in the central 90%, cinematic lighting. Negative prompt: no text, no lettering, no watermark, no logos, no visible faces or eye contact, no bright saturated colours, no daytime blue sky, no cartoon style.","New carpet, a lanyard, a screen — everything correct and nothing felt."
145,images/new-city/ep-01/145.webp,keys,"Painterly atmospheric illustration, cinematic nocturne: a cold, unfamiliar city at night lit by a single warm sodium-amber source against deep navy-and-teal blues; limited muted palette, soft volumetric fog, gentle film grain and visible painterly brushwork; faceless viewpoint — show the world from behind or over the shoulder, or only hands and objects, never a clear face or eye contact; culturally neutral modern European-ish port city, no readable text or signage, no flags or landmarks; quiet, uncertain, atmospheric but not frightening. Scene: a borrowed kettle and a spare key on a stranger's table — not hired, not alone. Mood: muted, unresolved, neither win nor loss. 3:2 landscape, subject held in the central 90%, cinematic lighting. Negative prompt: no text, no lettering, no watermark, no logos, no visible faces or eye contact, no bright saturated colours, no daytime blue sky, no cartoon style.","A borrowed kettle and a spare key on a stranger's table — not hired, not alone."
146,images/new-city/ep-01/146.webp,notebook,"Painterly atmospheric illustration, cinematic nocturne: a cold, unfamiliar city at night lit by a single warm sodium-amber source against deep navy-and-teal blues; limited muted palette, soft volumetric fog, gentle film grain and visible painterly brushwork; faceless viewpoint — show the world from behind or over the shoulder, or only hands and objects, never a clear face or eye contact; culturally neutral modern European-ish port city, no readable text or signage, no flags or landmarks; quiet, uncertain, atmospheric but not frightening. Scene: a closed appointment diary and full chairs in a reception, a kind final shake of the head. Mood: cold, closed, the cost of the night. 3:2 landscape, subject held in the central 90%, cinematic lighting. Negative prompt: no text, no lettering, no watermark, no logos, no visible faces or eye contact, no bright saturated colours, no daytime blue sky, no cartoon style.","A closed appointment diary and full chairs in a reception, a kind final shake of the head."
147,images/new-city/ep-01/147.webp,bench,"Painterly atmospheric illustration, cinematic nocturne: a cold, unfamiliar city at night lit by a single warm sodium-amber source against deep navy-and-teal blues; limited muted palette, soft volumetric fog, gentle film grain and visible painterly brushwork; faceless viewpoint — show the world from behind or over the shoulder, or only hands and objects, never a clear face or eye contact; culturally neutral modern European-ish port city, no readable text or signage, no flags or landmarks; quiet, uncertain, atmospheric but not frightening. Scene: grey morning over an empty bench, nine o'clock come and gone, too cold to move. Mood: cold, closed, the cost of the night. 3:2 landscape, subject held in the central 90%, cinematic lighting. Negative prompt: no text, no lettering, no watermark, no logos, no visible faces or eye contact, no bright saturated colours, no daytime blue sky, no cartoon style.","Grey morning over an empty bench, nine o'clock come and gone, too cold to move."
49,images/new-city/ep-01/49.webp,lamp,"Painterly atmospheric illustration, cinematic nocturne: a cold, unfamiliar city at night lit by a single warm sodium-amber source against deep navy-and-teal blues; limited muted palette, soft volumetric fog, gentle film grain and visible painterly brushwork; faceless viewpoint — show the world from behind or over the shoulder, or only hands and objects, never a clear face or eye contact; culturally neutral modern European-ish port city, no readable text or signage, no flags or landmarks; quiet, uncertain, atmospheric but not frightening. Scene: the same closed shop passing twice, a useless map, the city belonging to no one at one in the morning. 3:2 landscape, subject held in the central 90%, cinematic lighting. Negative prompt: no text, no lettering, no watermark, no logos, no visible faces or eye contact, no bright saturated colours, no daytime blue sky, no cartoon style.","The same closed shop passing twice, a useless map, the city belonging to no one at one in the morning."
50,images/new-city/ep-01/50.webp,lamp,"Painterly atmospheric illustration, cinematic nocturne: a cold, unfamiliar city at night lit by a single warm sodium-amber source against deep navy-and-teal blues; limited muted palette, soft volumetric fog, gentle film grain and visible painterly brushwork; faceless viewpoint — show the world from behind or over the shoulder, or only hands and objects, never a clear face or eye contact; culturally neutral modern European-ish port city, no readable text or signage, no flags or landmarks; quiet, uncertain, atmospheric but not frightening. Scene: a lone all-night launderette spilling yellow light; an attendant folding towels, sketching a route. 3:2 landscape, subject held in the central 90%, cinematic lighting. Negative prompt: no text, no lettering, no watermark, no logos, no visible faces or eye contact, no bright saturated colours, no daytime blue sky, no cartoon style.","A lone all-night launderette spilling yellow light; an attendant folding towels, sketching a route."
51,images/new-city/ep-01/51.webp,door,"Painterly atmospheric illustration, cinematic nocturne: a cold, unfamiliar city at night lit by a single warm sodium-amber source against deep navy-and-teal blues; limited muted palette, soft volumetric fog, gentle film grain and visible painterly brushwork; faceless viewpoint — show the world from behind or over the shoulder, or only hands and objects, never a clear face or eye contact; culturally neutral modern European-ish port city, no readable text or signage, no flags or landmarks; quiet, uncertain, atmospheric but not frightening. Scene: a glass door at the back, a name half-scraped away, still reading as a surname. 3:2 landscape, subject held in the central 90%, cinematic lighting. Negative prompt: no text, no lettering, no watermark, no logos, no visible faces or eye contact, no bright saturated colours, no daytime blue sky, no cartoon style.","A glass door at the back, a name half-scraped away, still reading as a surname."
52,images/new-city/ep-01/52.webp,window,"Painterly atmospheric illustration, cinematic nocturne: a cold, unfamiliar city at night lit by a single warm sodium-amber source against deep navy-and-teal blues; limited muted palette, soft volumetric fog, gentle film grain and visible painterly brushwork; faceless viewpoint — show the world from behind or over the shoulder, or only hands and objects, never a clear face or eye contact; culturally neutral modern European-ish port city, no readable text or signage, no flags or landmarks; quiet, uncertain, atmospheric but not frightening. Scene: a lit upstairs window; a child of about ten watching the street, quite calm. 3:2 landscape, subject held in the central 90%, cinematic lighting. Negative prompt: no text, no lettering, no watermark, no logos, no visible faces or eye contact, no bright saturated colours, no daytime blue sky, no cartoon style.","A lit upstairs window; a child of about ten watching the street, quite calm."
53,images/new-city/ep-01/53.webp,bus,"Painterly atmospheric illustration, cinematic nocturne: a cold, unfamiliar city at night lit by a single warm sodium-amber source against deep navy-and-teal blues; limited muted palette, soft volumetric fog, gentle film grain and visible painterly brushwork; faceless viewpoint — show the world from behind or over the shoulder, or only hands and objects, never a clear face or eye contact; culturally neutral modern European-ish port city, no readable text or signage, no flags or landmarks; quiet, uncertain, atmospheric but not frightening. Scene: a night bus surging past, warm yellow windows, only seconds to decide. 3:2 landscape, subject held in the central 90%, cinematic lighting. Negative prompt: no text, no lettering, no watermark, no logos, no visible faces or eye contact, no bright saturated colours, no daytime blue sky, no cartoon style.","A night bus surging past, warm yellow windows, only seconds to decide."
54,images/new-city/ep-01/54.webp,bridge,"Painterly atmospheric illustration, cinematic nocturne: a cold, unfamiliar city at night lit by a single warm sodium-amber source against deep navy-and-teal blues; limited muted palette, soft volumetric fog, gentle film grain and visible painterly brushwork; faceless viewpoint — show the world from behind or over the shoulder, or only hands and objects, never a clear face or eye contact; culturally neutral modern European-ish port city, no readable text or signage, no flags or landmarks; quiet, uncertain, atmospheric but not frightening. Scene: a bridge over black water; dark glass offices on the far bank and one window lit high up, a crescent moon. 3:2 landscape, subject held in the central 90%, cinematic lighting. Negative prompt: no text, no lettering, no watermark, no logos, no visible faces or eye contact, no bright saturated colours, no daytime blue sky, no cartoon style.","A bridge over black water; dark glass offices on the far bank and one window lit high up, a crescent moon."
55,images/new-city/ep-01/55.webp,quay,"Painterly atmospheric illustration, cinematic nocturne: a cold, unfamiliar city at night lit by a single warm sodium-amber source against deep navy-and-teal blues; limited muted palette, soft volumetric fog, gentle film grain and visible painterly brushwork; faceless viewpoint — show the world from behind or over the shoulder, or only hands and objects, never a clear face or eye contact; culturally neutral modern European-ish port city, no readable text or signage, no flags or landmarks; quiet, uncertain, atmospheric but not frightening. Scene: a night watchman leaning from a lit booth at the new offices, waving you in to warm up. 3:2 landscape, subject held in the central 90%, cinematic lighting. Negative prompt: no text, no lettering, no watermark, no logos, no visible faces or eye contact, no bright saturated colours, no daytime blue sky, no cartoon style.","A night watchman leaning from a lit booth at the new offices, waving you in to warm up."
56,images/new-city/ep-01/56.webp,card,"Painterly atmospheric illustration, cinematic nocturne: a cold, unfamiliar city at night lit by a single warm sodium-amber source against deep navy-and-teal blues; limited muted palette, soft volumetric fog, gentle film grain and visible painterly brushwork; faceless viewpoint — show the world from behind or over the shoulder, or only hands and objects, never a clear face or eye contact; culturally neutral modern European-ish port city, no readable text or signage, no flags or landmarks; quiet, uncertain, atmospheric but not frightening. Scene: a closed café at night, a light at the back, someone stacking chairs, a card on the glass. 3:2 landscape, subject held in the central 90%, cinematic lighting. Negative prompt: no text, no lettering, no watermark, no logos, no visible faces or eye contact, no bright saturated colours, no daytime blue sky, no cartoon style.","A closed café at night, a light at the back, someone stacking chairs, a card on the glass."
57,images/new-city/ep-01/57.webp,cup,"Painterly atmospheric illustration, cinematic nocturne: a cold, unfamiliar city at night lit by a single warm sodium-amber source against deep navy-and-teal blues; limited muted palette, soft volumetric fog, gentle film grain and visible painterly brushwork; faceless viewpoint — show the world from behind or over the shoulder, or only hands and objects, never a clear face or eye contact; culturally neutral modern European-ish port city, no readable text or signage, no flags or landmarks; quiet, uncertain, atmospheric but not frightening. Scene: a café door opened on its chain; a voice telling you the woman comes each morning for coffee. 3:2 landscape, subject held in the central 90%, cinematic lighting. Negative prompt: no text, no lettering, no watermark, no logos, no visible faces or eye contact, no bright saturated colours, no daytime blue sky, no cartoon style.",A café door opened on its chain; a voice telling you the woman comes each morning for coffee.
58,images/new-city/ep-01/58.webp,cup,"Painterly atmospheric illustration, cinematic nocturne: a cold, unfamiliar city at night lit by a single warm sodium-amber source against deep navy-and-teal blues; limited muted palette, soft volumetric fog, gentle film grain and visible painterly brushwork; faceless viewpoint — show the world from behind or over the shoulder, or only hands and objects, never a clear face or eye contact; culturally neutral modern European-ish port city, no readable text or signage, no flags or landmarks; quiet, uncertain, atmospheric but not frightening. Scene: a station cleaner pouring half a cup from a thermos at dawn. 3:2 landscape, subject held in the central 90%, cinematic lighting. Negative prompt: no text, no lettering, no watermark, no logos, no visible faces or eye contact, no bright saturated colours, no daytime blue sky, no cartoon style.",A station cleaner pouring half a cup from a thermos at dawn.
59,images/new-city/ep-01/59.webp,companions,"Painterly atmospheric illustration, cinematic nocturne: a cold, unfamiliar city at night lit by a single warm sodium-amber source against deep navy-and-teal blues; limited muted palette, soft volumetric fog, gentle film grain and visible painterly brushwork; faceless viewpoint — show the world from behind or over the shoulder, or only hands and objects, never a clear face or eye contact; culturally neutral modern European-ish port city, no readable text or signage, no flags or landmarks; quiet, uncertain, atmospheric but not frightening. Scene: a modest breakfast table; a fellow traveller warning against the agency across the road. 3:2 landscape, subject held in the central 90%, cinematic lighting. Negative prompt: no text, no lettering, no watermark, no logos, no visible faces or eye contact, no bright saturated colours, no daytime blue sky, no cartoon style.",A modest breakfast table; a fellow traveller warning against the agency across the road.
60,images/new-city/ep-01/60.webp,suit,"Painterly atmospheric illustration, cinematic nocturne: a cold, unfamiliar city at night lit by a single warm sodium-amber source against deep navy-and-teal blues; limited muted palette, soft volumetric fog, gentle film grain and visible painterly brushwork; faceless viewpoint — show the world from behind or over the shoulder, or only hands and objects, never a clear face or eye contact; culturally neutral modern European-ish port city, no readable text or signage, no flags or landmarks; quiet, uncertain, atmospheric but not frightening. Scene: a queue before a yellow WORK-FOR-ALL sign at dawn, tired faces, breath in the cold. 3:2 landscape, subject held in the central 90%, cinematic lighting. Negative prompt: no text, no lettering, no watermark, no logos, no visible faces or eye contact, no bright saturated colours, no daytime blue sky, no cartoon style.","A queue before a yellow WORK-FOR-ALL sign at dawn, tired faces, breath in the cold."
61,images/new-city/ep-01/61.webp,suit,"Painterly atmospheric illustration, cinematic nocturne: a cold, unfamiliar city at night lit by a single warm sodium-amber source against deep navy-and-teal blues; limited muted palette, soft volumetric fog, gentle film grain and visible painterly brushwork; faceless viewpoint — show the world from behind or over the shoulder, or only hands and objects, never a clear face or eye contact; culturally neutral modern European-ish port city, no readable text or signage, no flags or landmarks; quiet, uncertain, atmospheric but not frightening. Scene: a good-suited man sliding a registration form across a counter, hand out for the money. 3:2 landscape, subject held in the central 90%, cinematic lighting. Negative prompt: no text, no lettering, no watermark, no logos, no visible faces or eye contact, no bright saturated colours, no daytime blue sky, no cartoon style.","A good-suited man sliding a registration form across a counter, hand out for the money."
62,images/new-city/ep-01/62.webp,coin,"Painterly atmospheric illustration, cinematic nocturne: a cold, unfamiliar city at night lit by a single warm sodium-amber source against deep navy-and-teal blues; limited muted palette, soft volumetric fog, gentle film grain and visible painterly brushwork; faceless viewpoint — show the world from behind or over the shoulder, or only hands and objects, never a clear face or eye contact; culturally neutral modern European-ish port city, no readable text or signage, no flags or landmarks; quiet, uncertain, atmospheric but not frightening. Scene: a man leaning on a wall outside, a receipt like yours in hand, never called back. 3:2 landscape, subject held in the central 90%, cinematic lighting. Negative prompt: no text, no lettering, no watermark, no logos, no visible faces or eye contact, no bright saturated colours, no daytime blue sky, no cartoon style.","A man leaning on a wall outside, a receipt like yours in hand, never called back."
63,images/new-city/ep-01/63.webp,envelopes,"Painterly atmospheric illustration, cinematic nocturne: a cold, unfamiliar city at night lit by a single warm sodium-amber source against deep navy-and-teal blues; limited muted palette, soft volumetric fog, gentle film grain and visible painterly brushwork; faceless viewpoint — show the world from behind or over the shoulder, or only hands and objects, never a clear face or eye contact; culturally neutral modern European-ish port city, no readable text or signage, no flags or landmarks; quiet, uncertain, atmospheric but not frightening. Scene: a reception tray of returned letters, old crossed-out addresses, one of them yours. 3:2 landscape, subject held in the central 90%, cinematic lighting. Negative prompt: no text, no lettering, no watermark, no logos, no visible faces or eye contact, no bright saturated colours, no daytime blue sky, no cartoon style.","A reception tray of returned letters, old crossed-out addresses, one of them yours."
65,images/new-city/ep-01/65.webp,taxi,"Painterly atmospheric illustration, cinematic nocturne: a cold, unfamiliar city at night lit by a single warm sodium-amber source against deep navy-and-teal blues; limited muted palette, soft volumetric fog, gentle film grain and visible painterly brushwork; faceless viewpoint — show the world from behind or over the shoulder, or only hands and objects, never a clear face or eye contact; culturally neutral modern European-ish port city, no readable text or signage, no flags or landmarks; quiet, uncertain, atmospheric but not frightening. Scene: from a taxi at night, the driver warning about the agencies near the station. 3:2 landscape, subject held in the central 90%, cinematic lighting. Negative prompt: no text, no lettering, no watermark, no logos, no visible faces or eye contact, no bright saturated colours, no daytime blue sky, no cartoon style.","From a taxi at night, the driver warning about the agencies near the station."
67,images/new-city/ep-01/67.webp,quay,"Painterly atmospheric illustration, cinematic nocturne: a cold, unfamiliar city at night lit by a single warm sodium-amber source against deep navy-and-teal blues; limited muted palette, soft volumetric fog, gentle film grain and visible painterly brushwork; faceless viewpoint — show the world from behind or over the shoulder, or only hands and objects, never a clear face or eye contact; culturally neutral modern European-ish port city, no readable text or signage, no flags or landmarks; quiet, uncertain, atmospheric but not frightening. Scene: grey dawn on the river quay: a coffee cart opening, delivery vans, gulls on grey water. 3:2 landscape, subject held in the central 90%, cinematic lighting. Negative prompt: no text, no lettering, no watermark, no logos, no visible faces or eye contact, no bright saturated colours, no daytime blue sky, no cartoon style.","Grey dawn on the river quay: a coffee cart opening, delivery vans, gulls on grey water."
68,images/new-city/ep-01/68.webp,suit,"Painterly atmospheric illustration, cinematic nocturne: a cold, unfamiliar city at night lit by a single warm sodium-amber source against deep navy-and-teal blues; limited muted palette, soft volumetric fog, gentle film grain and visible painterly brushwork; faceless viewpoint — show the world from behind or over the shoulder, or only hands and objects, never a clear face or eye contact; culturally neutral modern European-ish port city, no readable text or signage, no flags or landmarks; quiet, uncertain, atmospheric but not frightening. Scene: watching the quay doors; the agency's good-suited man entering a nameless building two doors down. 3:2 landscape, subject held in the central 90%, cinematic lighting. Negative prompt: no text, no lettering, no watermark, no logos, no visible faces or eye contact, no bright saturated colours, no daytime blue sky, no cartoon style.",Watching the quay doors; the agency's good-suited man entering a nameless building two doors down.
69,images/new-city/ep-01/69.webp,letter,"Painterly atmospheric illustration, cinematic nocturne: a cold, unfamiliar city at night lit by a single warm sodium-amber source against deep navy-and-teal blues; limited muted palette, soft volumetric fog, gentle film grain and visible painterly brushwork; faceless viewpoint — show the world from behind or over the shoulder, or only hands and objects, never a clear face or eye contact; culturally neutral modern European-ish port city, no readable text or signage, no flags or landmarks; quiet, uncertain, atmospheric but not frightening. Scene: an open bag under a lamp — a letter, a little money, a photograph left unturned. 3:2 landscape, subject held in the central 90%, cinematic lighting. Negative prompt: no text, no lettering, no watermark, no logos, no visible faces or eye contact, no bright saturated colours, no daytime blue sky, no cartoon style.","An open bag under a lamp — a letter, a little money, a photograph left unturned."
72,images/new-city/ep-01/72.webp,phone,"Painterly atmospheric illustration, cinematic nocturne: a cold, unfamiliar city at night lit by a single warm sodium-amber source against deep navy-and-teal blues; limited muted palette, soft volumetric fog, gentle film grain and visible painterly brushwork; faceless viewpoint — show the world from behind or over the shoulder, or only hands and objects, never a clear face or eye contact; culturally neutral modern European-ish port city, no readable text or signage, no flags or landmarks; quiet, uncertain, atmospheric but not frightening. Scene: a phone showing a single bar of battery, night, an unfamiliar city — a kind of countdown. 3:2 landscape, subject held in the central 90%, cinematic lighting. Negative prompt: no text, no lettering, no watermark, no logos, no visible faces or eye contact, no bright saturated colours, no daytime blue sky, no cartoon style.","A phone showing a single bar of battery, night, an unfamiliar city — a kind of countdown."
73,images/new-city/ep-01/73.webp,phone,"Painterly atmospheric illustration, cinematic nocturne: a cold, unfamiliar city at night lit by a single warm sodium-amber source against deep navy-and-teal blues; limited muted palette, soft volumetric fog, gentle film grain and visible painterly brushwork; faceless viewpoint — show the world from behind or over the shoulder, or only hands and objects, never a clear face or eye contact; culturally neutral modern European-ish port city, no readable text or signage, no flags or landmarks; quiet, uncertain, atmospheric but not frightening. Scene: an old web page loading a riverside address, then a black dead screen, a paper letter left in hand. 3:2 landscape, subject held in the central 90%, cinematic lighting. Negative prompt: no text, no lettering, no watermark, no logos, no visible faces or eye contact, no bright saturated colours, no daytime blue sky, no cartoon style.","An old web page loading a riverside address, then a black dead screen, a paper letter left in hand."
75,images/new-city/ep-01/75.webp,companions,"Painterly atmospheric illustration, cinematic nocturne: a cold, unfamiliar city at night lit by a single warm sodium-amber source against deep navy-and-teal blues; limited muted palette, soft volumetric fog, gentle film grain and visible painterly brushwork; faceless viewpoint — show the world from behind or over the shoulder, or only hands and objects, never a clear face or eye contact; culturally neutral modern European-ish port city, no readable text or signage, no flags or landmarks; quiet, uncertain, atmospheric but not frightening. Scene: two travellers deciding to go on together rather than walk the wrong way alone at night. 3:2 landscape, subject held in the central 90%, cinematic lighting. Negative prompt: no text, no lettering, no watermark, no logos, no visible faces or eye contact, no bright saturated colours, no daytime blue sky, no cartoon style.",Two travellers deciding to go on together rather than walk the wrong way alone at night.
77,images/new-city/ep-01/77.webp,station,"Painterly atmospheric illustration, cinematic nocturne: a cold, unfamiliar city at night lit by a single warm sodium-amber source against deep navy-and-teal blues; limited muted palette, soft volumetric fog, gentle film grain and visible painterly brushwork; faceless viewpoint — show the world from behind or over the shoulder, or only hands and objects, never a clear face or eye contact; culturally neutral modern European-ish port city, no readable text or signage, no flags or landmarks; quiet, uncertain, atmospheric but not frightening. Scene: a guard switching off station lights bench by bench, the great hall darkening, cold coming in. 3:2 landscape, subject held in the central 90%, cinematic lighting. Negative prompt: no text, no lettering, no watermark, no logos, no visible faces or eye contact, no bright saturated colours, no daytime blue sky, no cartoon style.","A guard switching off station lights bench by bench, the great hall darkening, cold coming in."
79,images/new-city/ep-01/79.webp,bus,"Painterly atmospheric illustration, cinematic nocturne: a cold, unfamiliar city at night lit by a single warm sodium-amber source against deep navy-and-teal blues; limited muted palette, soft volumetric fog, gentle film grain and visible painterly brushwork; faceless viewpoint — show the world from behind or over the shoulder, or only hands and objects, never a clear face or eye contact; culturally neutral modern European-ish port city, no readable text or signage, no flags or landmarks; quiet, uncertain, atmospheric but not frightening. Scene: the city sliding dark and wet past a bus window, weighing whether to get off early. 3:2 landscape, subject held in the central 90%, cinematic lighting. Negative prompt: no text, no lettering, no watermark, no logos, no visible faces or eye contact, no bright saturated colours, no daytime blue sky, no cartoon style.","The city sliding dark and wet past a bus window, weighing whether to get off early."
84,images/new-city/ep-01/84.webp,desk,"Painterly atmospheric illustration, cinematic nocturne: a cold, unfamiliar city at night lit by a single warm sodium-amber source against deep navy-and-teal blues; limited muted palette, soft volumetric fog, gentle film grain and visible painterly brushwork; faceless viewpoint — show the world from behind or over the shoulder, or only hands and objects, never a clear face or eye contact; culturally neutral modern European-ish port city, no readable text or signage, no flags or landmarks; quiet, uncertain, atmospheric but not frightening. Scene: a kind receptionist reading the night on you — creased coat, tired eyes — but saying nothing. 3:2 landscape, subject held in the central 90%, cinematic lighting. Negative prompt: no text, no lettering, no watermark, no logos, no visible faces or eye contact, no bright saturated colours, no daytime blue sky, no cartoon style.","A kind receptionist reading the night on you — creased coat, tired eyes — but saying nothing."
85,images/new-city/ep-01/85.webp,desk,"Painterly atmospheric illustration, cinematic nocturne: a cold, unfamiliar city at night lit by a single warm sodium-amber source against deep navy-and-teal blues; limited muted palette, soft volumetric fog, gentle film grain and visible painterly brushwork; faceless viewpoint — show the world from behind or over the shoulder, or only hands and objects, never a clear face or eye contact; culturally neutral modern European-ish port city, no readable text or signage, no flags or landmarks; quiet, uncertain, atmospheric but not frightening. Scene: an office over the water; your own letter, returned to sender, lying on the desk. 3:2 landscape, subject held in the central 90%, cinematic lighting. Negative prompt: no text, no lettering, no watermark, no logos, no visible faces or eye contact, no bright saturated colours, no daytime blue sky, no cartoon style.","An office over the water; your own letter, returned to sender, lying on the desk."
86,images/new-city/ep-01/86.webp,letter,"Painterly atmospheric illustration, cinematic nocturne: a cold, unfamiliar city at night lit by a single warm sodium-amber source against deep navy-and-teal blues; limited muted palette, soft volumetric fog, gentle film grain and visible painterly brushwork; faceless viewpoint — show the world from behind or over the shoulder, or only hands and objects, never a clear face or eye contact; culturally neutral modern European-ish port city, no readable text or signage, no flags or landmarks; quiet, uncertain, atmospheric but not frightening. Scene: an explanation across a desk: someone has sent the old address for two years; you came anyway. 3:2 landscape, subject held in the central 90%, cinematic lighting. Negative prompt: no text, no lettering, no watermark, no logos, no visible faces or eye contact, no bright saturated colours, no daytime blue sky, no cartoon style.",An explanation across a desk: someone has sent the old address for two years; you came anyway.
88,images/new-city/ep-01/88.webp,keys,"Painterly atmospheric illustration, cinematic nocturne: a cold, unfamiliar city at night lit by a single warm sodium-amber source against deep navy-and-teal blues; limited muted palette, soft volumetric fog, gentle film grain and visible painterly brushwork; faceless viewpoint — show the world from behind or over the shoulder, or only hands and objects, never a clear face or eye contact; culturally neutral modern European-ish port city, no readable text or signage, no flags or landmarks; quiet, uncertain, atmospheric but not frightening. Scene: a woman on the office step, coffee and keys in hand, waving you in out of the cold. 3:2 landscape, subject held in the central 90%, cinematic lighting. Negative prompt: no text, no lettering, no watermark, no logos, no visible faces or eye contact, no bright saturated colours, no daytime blue sky, no cartoon style.","A woman on the office step, coffee and keys in hand, waving you in out of the cold."
89,images/new-city/ep-01/89.webp,quay,"Painterly atmospheric illustration, cinematic nocturne: a cold, unfamiliar city at night lit by a single warm sodium-amber source against deep navy-and-teal blues; limited muted palette, soft volumetric fog, gentle film grain and visible painterly brushwork; faceless viewpoint — show the world from behind or over the shoulder, or only hands and objects, never a clear face or eye contact; culturally neutral modern European-ish port city, no readable text or signage, no flags or landmarks; quiet, uncertain, atmospheric but not frightening. Scene: the quay waking — gulls, a coffee cart, vans — time to spare and clean hands after a hard night. 3:2 landscape, subject held in the central 90%, cinematic lighting. Negative prompt: no text, no lettering, no watermark, no logos, no visible faces or eye contact, no bright saturated colours, no daytime blue sky, no cartoon style.","The quay waking — gulls, a coffee cart, vans — time to spare and clean hands after a hard night."
90,images/new-city/ep-01/90.webp,suit,"Painterly atmospheric illustration, cinematic nocturne: a cold, unfamiliar city at night lit by a single warm sodium-amber source against deep navy-and-teal blues; limited muted palette, soft volumetric fog, gentle film grain and visible painterly brushwork; faceless viewpoint — show the world from behind or over the shoulder, or only hands and objects, never a clear face or eye contact; culturally neutral modern European-ish port city, no readable text or signage, no flags or landmarks; quiet, uncertain, atmospheric but not frightening. Scene: the agency's good-suited man meeting your eyes, then vanishing into a nameless building. 3:2 landscape, subject held in the central 90%, cinematic lighting. Negative prompt: no text, no lettering, no watermark, no logos, no visible faces or eye contact, no bright saturated colours, no daytime blue sky, no cartoon style.","The agency's good-suited man meeting your eyes, then vanishing into a nameless building."
91,images/new-city/ep-01/91.webp,companions,"Painterly atmospheric illustration, cinematic nocturne: a cold, unfamiliar city at night lit by a single warm sodium-amber source against deep navy-and-teal blues; limited muted palette, soft volumetric fog, gentle film grain and visible painterly brushwork; faceless viewpoint — show the world from behind or over the shoulder, or only hands and objects, never a clear face or eye contact; culturally neutral modern European-ish port city, no readable text or signage, no flags or landmarks; quiet, uncertain, atmospheric but not frightening. Scene: another candidate confiding, close by, that they nearly paid the agency too. 3:2 landscape, subject held in the central 90%, cinematic lighting. Negative prompt: no text, no lettering, no watermark, no logos, no visible faces or eye contact, no bright saturated colours, no daytime blue sky, no cartoon style.","Another candidate confiding, close by, that they nearly paid the agency too."
92,images/new-city/ep-01/92.webp,bridge,"Painterly atmospheric illustration, cinematic nocturne: a cold, unfamiliar city at night lit by a single warm sodium-amber source against deep navy-and-teal blues; limited muted palette, soft volumetric fog, gentle film grain and visible painterly brushwork; faceless viewpoint — show the world from behind or over the shoulder, or only hands and objects, never a clear face or eye contact; culturally neutral modern European-ish port city, no readable text or signage, no flags or landmarks; quiet, uncertain, atmospheric but not frightening. Scene: through a window, the bridge you crossed in the dark, now grey and ordinary by day. 3:2 landscape, subject held in the central 90%, cinematic lighting. Negative prompt: no text, no lettering, no watermark, no logos, no visible faces or eye contact, no bright saturated colours, no daytime blue sky, no cartoon style.","Through a window, the bridge you crossed in the dark, now grey and ordinary by day."
94,images/new-city/ep-01/94.webp,desk,"Painterly atmospheric illustration, cinematic nocturne: a cold, unfamiliar city at night lit by a single warm sodium-amber source against deep navy-and-teal blues; limited muted palette, soft volumetric fog, gentle film grain and visible painterly brushwork; faceless viewpoint — show the world from behind or over the shoulder, or only hands and objects, never a clear face or eye contact; culturally neutral modern European-ish port city, no readable text or signage, no flags or landmarks; quiet, uncertain, atmospheric but not frightening. Scene: a manager and a blushing young colleague over old letterhead, resolving to fix it. 3:2 landscape, subject held in the central 90%, cinematic lighting. Negative prompt: no text, no lettering, no watermark, no logos, no visible faces or eye contact, no bright saturated colours, no daytime blue sky, no cartoon style.","A manager and a blushing young colleague over old letterhead, resolving to fix it."
95,images/new-city/ep-01/95.webp,kiosk,"Painterly atmospheric illustration, cinematic nocturne: a cold, unfamiliar city at night lit by a single warm sodium-amber source against deep navy-and-teal blues; limited muted palette, soft volumetric fog, gentle film grain and visible painterly brushwork; faceless viewpoint — show the world from behind or over the shoulder, or only hands and objects, never a clear face or eye contact; culturally neutral modern European-ish port city, no readable text or signage, no flags or landmarks; quiet, uncertain, atmospheric but not frightening. Scene: a kiosk woman pointing to a passage behind a building, through a courtyard. 3:2 landscape, subject held in the central 90%, cinematic lighting. Negative prompt: no text, no lettering, no watermark, no logos, no visible faces or eye contact, no bright saturated colours, no daytime blue sky, no cartoon style.","A kiosk woman pointing to a passage behind a building, through a courtyard."
96,images/new-city/ep-01/96.webp,envelopes,"Painterly atmospheric illustration, cinematic nocturne: a cold, unfamiliar city at night lit by a single warm sodium-amber source against deep navy-and-teal blues; limited muted palette, soft volumetric fog, gentle film grain and visible painterly brushwork; faceless viewpoint — show the world from behind or over the shoulder, or only hands and objects, never a clear face or eye contact; culturally neutral modern European-ish port city, no readable text or signage, no flags or landmarks; quiet, uncertain, atmospheric but not frightening. Scene: a courtyard tray of envelopes ready to post — all addressed to the wrong old street. 3:2 landscape, subject held in the central 90%, cinematic lighting. Negative prompt: no text, no lettering, no watermark, no logos, no visible faces or eye contact, no bright saturated colours, no daytime blue sky, no cartoon style.",A courtyard tray of envelopes ready to post — all addressed to the wrong old street.
97,images/new-city/ep-01/97.webp,window,"Painterly atmospheric illustration, cinematic nocturne: a cold, unfamiliar city at night lit by a single warm sodium-amber source against deep navy-and-teal blues; limited muted palette, soft volumetric fog, gentle film grain and visible painterly brushwork; faceless viewpoint — show the world from behind or over the shoulder, or only hands and objects, never a clear face or eye contact; culturally neutral modern European-ish port city, no readable text or signage, no flags or landmarks; quiet, uncertain, atmospheric but not frightening. Scene: a child leaning from an upper window, telling you the firm is at the river now. 3:2 landscape, subject held in the central 90%, cinematic lighting. Negative prompt: no text, no lettering, no watermark, no logos, no visible faces or eye contact, no bright saturated colours, no daytime blue sky, no cartoon style.","A child leaning from an upper window, telling you the firm is at the river now."
98,images/new-city/ep-01/98.webp,window,"Painterly atmospheric illustration, cinematic nocturne: a cold, unfamiliar city at night lit by a single warm sodium-amber source against deep navy-and-teal blues; limited muted palette, soft volumetric fog, gentle film grain and visible painterly brushwork; faceless viewpoint — show the world from behind or over the shoulder, or only hands and objects, never a clear face or eye contact; culturally neutral modern European-ish port city, no readable text or signage, no flags or landmarks; quiet, uncertain, atmospheric but not frightening. Scene: a child's directions given from a window — a bus number, an address — then the window closing. 3:2 landscape, subject held in the central 90%, cinematic lighting. Negative prompt: no text, no lettering, no watermark, no logos, no visible faces or eye contact, no bright saturated colours, no daytime blue sky, no cartoon style.","A child's directions given from a window — a bus number, an address — then the window closing."
99,images/new-city/ep-01/99.webp,oars,"Painterly atmospheric illustration, cinematic nocturne: a cold, unfamiliar city at night lit by a single warm sodium-amber source against deep navy-and-teal blues; limited muted palette, soft volumetric fog, gentle film grain and visible painterly brushwork; faceless viewpoint — show the world from behind or over the shoulder, or only hands and objects, never a clear face or eye contact; culturally neutral modern European-ish port city, no readable text or signage, no flags or landmarks; quiet, uncertain, atmospheric but not frightening. Scene: a lit boathouse by the water at night, long oars carried toward the river, low voices. 3:2 landscape, subject held in the central 90%, cinematic lighting. Negative prompt: no text, no lettering, no watermark, no logos, no visible faces or eye contact, no bright saturated colours, no daytime blue sky, no cartoon style.","A lit boathouse by the water at night, long oars carried toward the river, low voices."
100,images/new-city/ep-01/100.webp,oars,"Painterly atmospheric illustration, cinematic nocturne: a cold, unfamiliar city at night lit by a single warm sodium-amber source against deep navy-and-teal blues; limited muted palette, soft volumetric fog, gentle film grain and visible painterly brushwork; faceless viewpoint — show the world from behind or over the shoulder, or only hands and objects, never a clear face or eye contact; culturally neutral modern European-ish port city, no readable text or signage, no flags or landmarks; quiet, uncertain, atmospheric but not frightening. Scene: a rower with an oar on the shoulder pointing straight on, past the second bridge. 3:2 landscape, subject held in the central 90%, cinematic lighting. Negative prompt: no text, no lettering, no watermark, no logos, no visible faces or eye contact, no bright saturated colours, no daytime blue sky, no cartoon style.","A rower with an oar on the shoulder pointing straight on, past the second bridge."
101,images/new-city/ep-01/101.webp,quay,"Painterly atmospheric illustration, cinematic nocturne: a cold, unfamiliar city at night lit by a single warm sodium-amber source against deep navy-and-teal blues; limited muted palette, soft volumetric fog, gentle film grain and visible painterly brushwork; faceless viewpoint — show the world from behind or over the shoulder, or only hands and objects, never a clear face or eye contact; culturally neutral modern European-ish port city, no readable text or signage, no flags or landmarks; quiet, uncertain, atmospheric but not frightening. Scene: a lit, empty glass hall; a guard's cap on an abandoned desk, everything newer than your letter. 3:2 landscape, subject held in the central 90%, cinematic lighting. Negative prompt: no text, no lettering, no watermark, no logos, no visible faces or eye contact, no bright saturated colours, no daytime blue sky, no cartoon style.","A lit, empty glass hall; a guard's cap on an abandoned desk, everything newer than your letter."
102,images/new-city/ep-01/102.webp,cup,"Painterly atmospheric illustration, cinematic nocturne: a cold, unfamiliar city at night lit by a single warm sodium-amber source against deep navy-and-teal blues; limited muted palette, soft volumetric fog, gentle film grain and visible painterly brushwork; faceless viewpoint — show the world from behind or over the shoulder, or only hands and objects, never a clear face or eye contact; culturally neutral modern European-ish port city, no readable text or signage, no flags or landmarks; quiet, uncertain, atmospheric but not frightening. Scene: the sky going from black to dishwater grey, feet gone numb, a café light finally coming on. 3:2 landscape, subject held in the central 90%, cinematic lighting. Negative prompt: no text, no lettering, no watermark, no logos, no visible faces or eye contact, no bright saturated colours, no daytime blue sky, no cartoon style.","The sky going from black to dishwater grey, feet gone numb, a café light finally coming on."
103,images/new-city/ep-01/103.webp,cup,"Painterly atmospheric illustration, cinematic nocturne: a cold, unfamiliar city at night lit by a single warm sodium-amber source against deep navy-and-teal blues; limited muted palette, soft volumetric fog, gentle film grain and visible painterly brushwork; faceless viewpoint — show the world from behind or over the shoulder, or only hands and objects, never a clear face or eye contact; culturally neutral modern European-ish port city, no readable text or signage, no flags or landmarks; quiet, uncertain, atmospheric but not frightening. Scene: a café regular looking up from his tea, recalling the firm — good people, bad with the post. 3:2 landscape, subject held in the central 90%, cinematic lighting. Negative prompt: no text, no lettering, no watermark, no logos, no visible faces or eye contact, no bright saturated colours, no daytime blue sky, no cartoon style.","A café regular looking up from his tea, recalling the firm — good people, bad with the post."
104,images/new-city/ep-01/104.webp,bed,"Painterly atmospheric illustration, cinematic nocturne: a cold, unfamiliar city at night lit by a single warm sodium-amber source against deep navy-and-teal blues; limited muted palette, soft volumetric fog, gentle film grain and visible painterly brushwork; faceless viewpoint — show the world from behind or over the shoulder, or only hands and objects, never a clear face or eye contact; culturally neutral modern European-ish port city, no readable text or signage, no flags or landmarks; quiet, uncertain, atmospheric but not frightening. Scene: a hotel owner warning against the yellow-sign agency across the road. 3:2 landscape, subject held in the central 90%, cinematic lighting. Negative prompt: no text, no lettering, no watermark, no logos, no visible faces or eye contact, no bright saturated colours, no daytime blue sky, no cartoon style.",A hotel owner warning against the yellow-sign agency across the road.
105,images/new-city/ep-01/105.webp,bus,"Painterly atmospheric illustration, cinematic nocturne: a cold, unfamiliar city at night lit by a single warm sodium-amber source against deep navy-and-teal blues; limited muted palette, soft volumetric fog, gentle film grain and visible painterly brushwork; faceless viewpoint — show the world from behind or over the shoulder, or only hands and objects, never a clear face or eye contact; culturally neutral modern European-ish port city, no readable text or signage, no flags or landmarks; quiet, uncertain, atmospheric but not frightening. Scene: the first warm, near-empty bus of the day, a choice of two directions. 3:2 landscape, subject held in the central 90%, cinematic lighting. Negative prompt: no text, no lettering, no watermark, no logos, no visible faces or eye contact, no bright saturated colours, no daytime blue sky, no cartoon style.","The first warm, near-empty bus of the day, a choice of two directions."
106,images/new-city/ep-01/106.webp,fence,"Painterly atmospheric illustration, cinematic nocturne: a cold, unfamiliar city at night lit by a single warm sodium-amber source against deep navy-and-teal blues; limited muted palette, soft volumetric fog, gentle film grain and visible painterly brushwork; faceless viewpoint — show the world from behind or over the shoulder, or only hands and objects, never a clear face or eye contact; culturally neutral modern European-ish port city, no readable text or signage, no flags or landmarks; quiet, uncertain, atmospheric but not frightening. Scene: a fenced, weedy empty lot behind the agency — no job that was ever real. 3:2 landscape, subject held in the central 90%, cinematic lighting. Negative prompt: no text, no lettering, no watermark, no logos, no visible faces or eye contact, no bright saturated colours, no daytime blue sky, no cartoon style.","A fenced, weedy empty lot behind the agency — no job that was ever real."
107,images/new-city/ep-01/107.webp,suit,"Painterly atmospheric illustration, cinematic nocturne: a cold, unfamiliar city at night lit by a single warm sodium-amber source against deep navy-and-teal blues; limited muted palette, soft volumetric fog, gentle film grain and visible painterly brushwork; faceless viewpoint — show the world from behind or over the shoulder, or only hands and objects, never a clear face or eye contact; culturally neutral modern European-ish port city, no readable text or signage, no flags or landmarks; quiet, uncertain, atmospheric but not frightening. Scene: a woman in the queue folding the form back, calling it a scam, leading others out. 3:2 landscape, subject held in the central 90%, cinematic lighting. Negative prompt: no text, no lettering, no watermark, no logos, no visible faces or eye contact, no bright saturated colours, no daytime blue sky, no cartoon style.","A woman in the queue folding the form back, calling it a scam, leading others out."
108,images/new-city/ep-01/108.webp,taxi,"Painterly atmospheric illustration, cinematic nocturne: a cold, unfamiliar city at night lit by a single warm sodium-amber source against deep navy-and-teal blues; limited muted palette, soft volumetric fog, gentle film grain and visible painterly brushwork; faceless viewpoint — show the world from behind or over the shoulder, or only hands and objects, never a clear face or eye contact; culturally neutral modern European-ish port city, no readable text or signage, no flags or landmarks; quiet, uncertain, atmospheric but not frightening. Scene: a taxi through deserted streets, a night café's yellow light on wet tarmac, a fox. 3:2 landscape, subject held in the central 90%, cinematic lighting. Negative prompt: no text, no lettering, no watermark, no logos, no visible faces or eye contact, no bright saturated colours, no daytime blue sky, no cartoon style.","A taxi through deserted streets, a night café's yellow light on wet tarmac, a fox."
109,images/new-city/ep-01/109.webp,map,"Painterly atmospheric illustration, cinematic nocturne: a cold, unfamiliar city at night lit by a single warm sodium-amber source against deep navy-and-teal blues; limited muted palette, soft volumetric fog, gentle film grain and visible painterly brushwork; faceless viewpoint — show the world from behind or over the shoulder, or only hands and objects, never a clear face or eye contact; culturally neutral modern European-ish port city, no readable text or signage, no flags or landmarks; quiet, uncertain, atmospheric but not frightening. Scene: a man at a window drawing a better map on the back of a receipt, marking the river. 3:2 landscape, subject held in the central 90%, cinematic lighting. Negative prompt: no text, no lettering, no watermark, no logos, no visible faces or eye contact, no bright saturated colours, no daytime blue sky, no cartoon style.","A man at a window drawing a better map on the back of a receipt, marking the river."
110,images/new-city/ep-01/110.webp,quay,"Painterly atmospheric illustration, cinematic nocturne: a cold, unfamiliar city at night lit by a single warm sodium-amber source against deep navy-and-teal blues; limited muted palette, soft volumetric fog, gentle film grain and visible painterly brushwork; faceless viewpoint — show the world from behind or over the shoulder, or only hands and objects, never a clear face or eye contact; culturally neutral modern European-ish port city, no readable text or signage, no flags or landmarks; quiet, uncertain, atmospheric but not frightening. Scene: walking toward the quay in rising light among people who know where they are going. 3:2 landscape, subject held in the central 90%, cinematic lighting. Negative prompt: no text, no lettering, no watermark, no logos, no visible faces or eye contact, no bright saturated colours, no daytime blue sky, no cartoon style.",Walking toward the quay in rising light among people who know where they are going.
111,images/new-city/ep-01/111.webp,bus,"Painterly atmospheric illustration, cinematic nocturne: a cold, unfamiliar city at night lit by a single warm sodium-amber source against deep navy-and-teal blues; limited muted palette, soft volumetric fog, gentle film grain and visible painterly brushwork; faceless viewpoint — show the world from behind or over the shoulder, or only hands and objects, never a clear face or eye contact; culturally neutral modern European-ish port city, no readable text or signage, no flags or landmarks; quiet, uncertain, atmospheric but not frightening. Scene: a young woman going the same way, offering to show where to get off the bus. 3:2 landscape, subject held in the central 90%, cinematic lighting. Negative prompt: no text, no lettering, no watermark, no logos, no visible faces or eye contact, no bright saturated colours, no daytime blue sky, no cartoon style.","A young woman going the same way, offering to show where to get off the bus."
112,images/new-city/ep-01/112.webp,door,"Painterly atmospheric illustration, cinematic nocturne: a cold, unfamiliar city at night lit by a single warm sodium-amber source against deep navy-and-teal blues; limited muted palette, soft volumetric fog, gentle film grain and visible painterly brushwork; faceless viewpoint — show the world from behind or over the shoulder, or only hands and objects, never a clear face or eye contact; culturally neutral modern European-ish port city, no readable text or signage, no flags or landmarks; quiet, uncertain, atmospheric but not frightening. Scene: climbing an office stair, late and breathless, rehearsing an apology. 3:2 landscape, subject held in the central 90%, cinematic lighting. Negative prompt: no text, no lettering, no watermark, no logos, no visible faces or eye contact, no bright saturated colours, no daytime blue sky, no cartoon style.","Climbing an office stair, late and breathless, rehearsing an apology."
113,images/new-city/ep-01/113.webp,cup,"Painterly atmospheric illustration, cinematic nocturne: a cold, unfamiliar city at night lit by a single warm sodium-amber source against deep navy-and-teal blues; limited muted palette, soft volumetric fog, gentle film grain and visible painterly brushwork; faceless viewpoint — show the world from behind or over the shoulder, or only hands and objects, never a clear face or eye contact; culturally neutral modern European-ish port city, no readable text or signage, no flags or landmarks; quiet, uncertain, atmospheric but not frightening. Scene: a coffee-cart woman adding a free extra shot — a warm cup held in both hands, long night. 3:2 landscape, subject held in the central 90%, cinematic lighting. Negative prompt: no text, no lettering, no watermark, no logos, no visible faces or eye contact, no bright saturated colours, no daytime blue sky, no cartoon style.","A coffee-cart woman adding a free extra shot — a warm cup held in both hands, long night."
114,images/new-city/ep-01/114.webp,letter,"Painterly atmospheric illustration, cinematic nocturne: a cold, unfamiliar city at night lit by a single warm sodium-amber source against deep navy-and-teal blues; limited muted palette, soft volumetric fog, gentle film grain and visible painterly brushwork; faceless viewpoint — show the world from behind or over the shoulder, or only hands and objects, never a clear face or eye contact; culturally neutral modern European-ish port city, no readable text or signage, no flags or landmarks; quiet, uncertain, atmospheric but not frightening. Scene: a cold cup left untouched, the letter put away, standing to go on. 3:2 landscape, subject held in the central 90%, cinematic lighting. Negative prompt: no text, no lettering, no watermark, no logos, no visible faces or eye contact, no bright saturated colours, no daytime blue sky, no cartoon style.","A cold cup left untouched, the letter put away, standing to go on."
115,images/new-city/ep-01/115.webp,lamp,"Painterly atmospheric illustration, cinematic nocturne: a cold, unfamiliar city at night lit by a single warm sodium-amber source against deep navy-and-teal blues; limited muted palette, soft volumetric fog, gentle film grain and visible painterly brushwork; faceless viewpoint — show the world from behind or over the shoulder, or only hands and objects, never a clear face or eye contact; culturally neutral modern European-ish port city, no readable text or signage, no flags or landmarks; quiet, uncertain, atmospheric but not frightening. Scene: a deserted market square, stalls folded, wet cobbles under a lamp, a fox in the gutter. 3:2 landscape, subject held in the central 90%, cinematic lighting. Negative prompt: no text, no lettering, no watermark, no logos, no visible faces or eye contact, no bright saturated colours, no daytime blue sky, no cartoon style.","A deserted market square, stalls folded, wet cobbles under a lamp, a fox in the gutter."
116,images/new-city/ep-01/116.webp,taxi,"Painterly atmospheric illustration, cinematic nocturne: a cold, unfamiliar city at night lit by a single warm sodium-amber source against deep navy-and-teal blues; limited muted palette, soft volumetric fog, gentle film grain and visible painterly brushwork; faceless viewpoint — show the world from behind or over the shoulder, or only hands and objects, never a clear face or eye contact; culturally neutral modern European-ish port city, no readable text or signage, no flags or landmarks; quiet, uncertain, atmospheric but not frightening. Scene: a taxi idling at the curb, engine running, the driver reading a paper. 3:2 landscape, subject held in the central 90%, cinematic lighting. Negative prompt: no text, no lettering, no watermark, no logos, no visible faces or eye contact, no bright saturated colours, no daytime blue sky, no cartoon style.","A taxi idling at the curb, engine running, the driver reading a paper."
117,images/new-city/ep-01/117.webp,notebook,"Painterly atmospheric illustration, cinematic nocturne: a cold, unfamiliar city at night lit by a single warm sodium-amber source against deep navy-and-teal blues; limited muted palette, soft volumetric fog, gentle film grain and visible painterly brushwork; faceless viewpoint — show the world from behind or over the shoulder, or only hands and objects, never a clear face or eye contact; culturally neutral modern European-ish port city, no readable text or signage, no flags or landmarks; quiet, uncertain, atmospheric but not frightening. Scene: a cleaner propping a door with a foot, taking a note for the desk, no promise. 3:2 landscape, subject held in the central 90%, cinematic lighting. Negative prompt: no text, no lettering, no watermark, no logos, no visible faces or eye contact, no bright saturated colours, no daytime blue sky, no cartoon style.","A cleaner propping a door with a foot, taking a note for the desk, no promise."
118,images/new-city/ep-01/118.webp,phone,"Painterly atmospheric illustration, cinematic nocturne: a cold, unfamiliar city at night lit by a single warm sodium-amber source against deep navy-and-teal blues; limited muted palette, soft volumetric fog, gentle film grain and visible painterly brushwork; faceless viewpoint — show the world from behind or over the shoulder, or only hands and objects, never a clear face or eye contact; culturally neutral modern European-ish port city, no readable text or signage, no flags or landmarks; quiet, uncertain, atmospheric but not frightening. Scene: photographing a half-scraped name on glass, twice, as proof you came. 3:2 landscape, subject held in the central 90%, cinematic lighting. Negative prompt: no text, no lettering, no watermark, no logos, no visible faces or eye contact, no bright saturated colours, no daytime blue sky, no cartoon style.","Photographing a half-scraped name on glass, twice, as proof you came."
119,images/new-city/ep-01/119.webp,card,"Painterly atmospheric illustration, cinematic nocturne: a cold, unfamiliar city at night lit by a single warm sodium-amber source against deep navy-and-teal blues; limited muted palette, soft volumetric fog, gentle film grain and visible painterly brushwork; faceless viewpoint — show the world from behind or over the shoulder, or only hands and objects, never a clear face or eye contact; culturally neutral modern European-ish port city, no readable text or signage, no flags or landmarks; quiet, uncertain, atmospheric but not frightening. Scene: stamping in the cold outside a café, staring at the card taped to the glass. 3:2 landscape, subject held in the central 90%, cinematic lighting. Negative prompt: no text, no lettering, no watermark, no logos, no visible faces or eye contact, no bright saturated colours, no daytime blue sky, no cartoon style.","Stamping in the cold outside a café, staring at the card taped to the glass."
122,images/new-city/ep-01/122.webp,taxi,"Painterly atmospheric illustration, cinematic nocturne: a cold, unfamiliar city at night lit by a single warm sodium-amber source against deep navy-and-teal blues; limited muted palette, soft volumetric fog, gentle film grain and visible painterly brushwork; faceless viewpoint — show the world from behind or over the shoulder, or only hands and objects, never a clear face or eye contact; culturally neutral modern European-ish port city, no readable text or signage, no flags or landmarks; quiet, uncertain, atmospheric but not frightening. Scene: a night worker sharing a taxi — ten minutes where someone else knows the way. 3:2 landscape, subject held in the central 90%, cinematic lighting. Negative prompt: no text, no lettering, no watermark, no logos, no visible faces or eye contact, no bright saturated colours, no daytime blue sky, no cartoon style.",A night worker sharing a taxi — ten minutes where someone else knows the way.
123,images/new-city/ep-01/123.webp,cup,"Painterly atmospheric illustration, cinematic nocturne: a cold, unfamiliar city at night lit by a single warm sodium-amber source against deep navy-and-teal blues; limited muted palette, soft volumetric fog, gentle film grain and visible painterly brushwork; faceless viewpoint — show the world from behind or over the shoulder, or only hands and objects, never a clear face or eye contact; culturally neutral modern European-ish port city, no readable text or signage, no flags or landmarks; quiet, uncertain, atmospheric but not frightening. Scene: a warm watchman's booth, something poured from a thermos into a tin cup, before nine. 3:2 landscape, subject held in the central 90%, cinematic lighting. Negative prompt: no text, no lettering, no watermark, no logos, no visible faces or eye contact, no bright saturated colours, no daytime blue sky, no cartoon style.","A warm watchman's booth, something poured from a thermos into a tin cup, before nine."
124,images/new-city/ep-01/124.webp,cup,"Painterly atmospheric illustration, cinematic nocturne: a cold, unfamiliar city at night lit by a single warm sodium-amber source against deep navy-and-teal blues; limited muted palette, soft volumetric fog, gentle film grain and visible painterly brushwork; faceless viewpoint — show the world from behind or over the shoulder, or only hands and objects, never a clear face or eye contact; culturally neutral modern European-ish port city, no readable text or signage, no flags or landmarks; quiet, uncertain, atmospheric but not frightening. Scene: a café queue where a name is overheard — two second-floor staff, so close now. 3:2 landscape, subject held in the central 90%, cinematic lighting. Negative prompt: no text, no lettering, no watermark, no logos, no visible faces or eye contact, no bright saturated colours, no daytime blue sky, no cartoon style.","A café queue where a name is overheard — two second-floor staff, so close now."
125,images/new-city/ep-01/125.webp,companions,"Painterly atmospheric illustration, cinematic nocturne: a cold, unfamiliar city at night lit by a single warm sodium-amber source against deep navy-and-teal blues; limited muted palette, soft volumetric fog, gentle film grain and visible painterly brushwork; faceless viewpoint — show the world from behind or over the shoulder, or only hands and objects, never a clear face or eye contact; culturally neutral modern European-ish port city, no readable text or signage, no flags or landmarks; quiet, uncertain, atmospheric but not frightening. Scene: a breakfast decision to walk to the river together. 3:2 landscape, subject held in the central 90%, cinematic lighting. Negative prompt: no text, no lettering, no watermark, no logos, no visible faces or eye contact, no bright saturated colours, no daytime blue sky, no cartoon style.",A breakfast decision to walk to the river together.
126,images/new-city/ep-01/126.webp,bench,"Painterly atmospheric illustration, cinematic nocturne: a cold, unfamiliar city at night lit by a single warm sodium-amber source against deep navy-and-teal blues; limited muted palette, soft volumetric fog, gentle film grain and visible painterly brushwork; faceless viewpoint — show the world from behind or over the shoulder, or only hands and objects, never a clear face or eye contact; culturally neutral modern European-ish port city, no readable text or signage, no flags or landmarks; quiet, uncertain, atmospheric but not frightening. Scene: a station cleaner of twenty years urging you on, kindly and firmly. 3:2 landscape, subject held in the central 90%, cinematic lighting. Negative prompt: no text, no lettering, no watermark, no logos, no visible faces or eye contact, no bright saturated colours, no daytime blue sky, no cartoon style.","A station cleaner of twenty years urging you on, kindly and firmly."
127,images/new-city/ep-01/127.webp,notebook,"Painterly atmospheric illustration, cinematic nocturne: a cold, unfamiliar city at night lit by a single warm sodium-amber source against deep navy-and-teal blues; limited muted palette, soft volumetric fog, gentle film grain and visible painterly brushwork; faceless viewpoint — show the world from behind or over the shoulder, or only hands and objects, never a clear face or eye contact; culturally neutral modern European-ish port city, no readable text or signage, no flags or landmarks; quiet, uncertain, atmospheric but not frightening. Scene: leaving a name and number with a counter man, noted on the back of a voucher. 3:2 landscape, subject held in the central 90%, cinematic lighting. Negative prompt: no text, no lettering, no watermark, no logos, no visible faces or eye contact, no bright saturated colours, no daytime blue sky, no cartoon style.","Leaving a name and number with a counter man, noted on the back of a voucher."
128,images/new-city/ep-01/128.webp,bench,"Painterly atmospheric illustration, cinematic nocturne: a cold, unfamiliar city at night lit by a single warm sodium-amber source against deep navy-and-teal blues; limited muted palette, soft volumetric fog, gentle film grain and visible painterly brushwork; faceless viewpoint — show the world from behind or over the shoulder, or only hands and objects, never a clear face or eye contact; culturally neutral modern European-ish port city, no readable text or signage, no flags or landmarks; quiet, uncertain, atmospheric but not frightening. Scene: dawn on a bench, back wrecked, not ready to give up; a bus coming your way. 3:2 landscape, subject held in the central 90%, cinematic lighting. Negative prompt: no text, no lettering, no watermark, no logos, no visible faces or eye contact, no bright saturated colours, no daytime blue sky, no cartoon style.","Dawn on a bench, back wrecked, not ready to give up; a bus coming your way."
129,images/new-city/ep-01/129.webp,bed,"Painterly atmospheric illustration, cinematic nocturne: a cold, unfamiliar city at night lit by a single warm sodium-amber source against deep navy-and-teal blues; limited muted palette, soft volumetric fog, gentle film grain and visible painterly brushwork; faceless viewpoint — show the world from behind or over the shoulder, or only hands and objects, never a clear face or eye contact; culturally neutral modern European-ish port city, no readable text or signage, no flags or landmarks; quiet, uncertain, atmospheric but not frightening. Scene: a hotel man softening, letting you stay by a lobby radiator until day. 3:2 landscape, subject held in the central 90%, cinematic lighting. Negative prompt: no text, no lettering, no watermark, no logos, no visible faces or eye contact, no bright saturated colours, no daytime blue sky, no cartoon style.","A hotel man softening, letting you stay by a lobby radiator until day."
